Guid,Date,Double,Int,String
46075cd1-6867-4c31-b9e8-b46132e4b1c4,01/01/2019,1.999993939,1,a
8318d153-cdd2-4cc3-9210-b5dfb7ef6143,02/01/2019,1.999993929,1,b
4c98a20d-701f-4309-b8b1-75c24c0ceaa9,03/01/2019,1.999993919,1,c
fe704d5d-75f5-4976-8f53-9137700b88ab,04/01/2019,1.999993909,1,a
059b2752-1467-40e4-ab27-717cdcfd3ea6,05/01/2019,1.999993899,1,b
15395ec1-42e8-42ea-83a2-9dc564e33aa6,06/01/2019,1.999993889,1,c
d0320d4e-5742-4cde-bc91-b43e187edb3d,07/01/2019,1.999993879,1,a
c507c732-7ed1-4a35-9636-065f9c18e240,08/01/2019,1.999993869,1,b
3404a888-8885-4c78-b917-b900e8cd1897,09/01/2019,1.999993859,1,c
0ff8ac35-0192-4064-b428-90148864c70f,10/01/2019,1.999993849,1,a
9552bb66-9550-4dfb-8bf8-6f7dfb4c7af7,11/01/2019,1.999993839,1,b
f7d57f0f-398e-4eb7-a73d-ac0a38d325cb,12/01/2019,1.999993829,1,c
e43b1661-c9c3-42c6-80fd-4d807ac47f57,13/01/2019,1.999993819,1,a
9ed3a035-7c28-46fa-86a2-a9d84bb23a0a,14/01/2019,1.999993809,1,b
7697e62e-2514-4949-acff-eaa3607575eb,15/01/2019,1.999993799,1,c
28a3f45e-ec7e-4d06-ae6a-8d722a2dcb5d,16/01/2019,1.999993789,1,a
4e5e4b0e-b78a-47da-a93f-7957505172c4,17/01/2019,1.999993779,1,b
e898d52a-8bba-41a6-8b23-8399f080d770,18/01/2019,1.999993769,1,c
996c2527-ab29-4f65-8f61-c2e63bedcbe9,19/01/2019,1.999993759,1,a
18f66d07-3af7-486d-b7ae-53776294bb39,20/01/2019,1.999993749,1,b
351d2b69-47c5-47e6-a708-4e70923b3e0e,21/01/2019,1.999993739,1,c
ac43c99e-4dbd-4942-ba1c-d0263df13f69,22/01/2019,1.999993729,1,a
477190f3-cc8c-47a6-a6f5-e9f1b1d9fd81,23/01/2019,1.999993719,1,b
a750ac76-7629-4d9e-a2e9-b48f61e1d64b,24/01/2019,1.999993709,1,c
0cbc4571-4a9e-4e34-8277-6eaaf4ca3c07,25/01/2019,1.999993699,1,a
1ae78d16-1b16-4ba5-9526-b3585447fdf2,26/01/2019,1.999993689,1,b
e014075e-535d-4a4f-bb8c-f012d83c667c,27/01/2019,1.999993679,1,c
b044d91a-6d4d-45b3-9432-99a5a3a9d6ce,28/01/2019,1.999993669,1,a
68e42578-372b-44a8-8b7d-3c2b893bbb89,29/01/2019,1.999993659,1,b
8ac3519f-b5b6-4316-8d11-1f1c78f497ef,30/01/2019,1.999993649,1,c
612c10ef-ddd2-442a-9a41-1f9a222bf735,31/01/2019,1.999993639,1,a
d030023d-4b21-4843-8e4f-73a66fe2cb4c,01/02/2019,1.999993629,1,b
f10b5ef0-cf8b-4ee7-a532-0b5cf8457700,02/02/2019,1.999993619,1,c
ef7bd509-459e-430c-8cad-9fa4bfe18225,03/02/2019,1.999993609,1,a
7a595e2c-a57e-4296-b9f0-bdcd18e6080f,04/02/2019,1.999993599,1,b
9b0d70a9-8ef4-43bf-8253-b453d54f0848,05/02/2019,1.999993589,1,c
5145e67d-610b-4b84-acf8-0718fb1ac994,06/02/2019,1.999993579,1,a
c36e5bf9-b989-452b-8f12-e15a0089bfba,07/02/2019,1.999993569,1,b
8bc13994-fde6-4763-add9-c398f227d4c1,08/02/2019,1.999993559,1,c
1f814fde-d378-4b76-9c22-7c48d3cb6b13,09/02/2019,1.999993549,1,a
26da7ea0-a05e-4400-9145-8eee397c3d53,10/02/2019,1.999993539,1,b
600c73bb-969d-4854-a263-6f3acb9c5a0a,11/02/2019,1.999993529,1,c
9a8c77f3-12d3-4dbf-82da-766974f2c2cb,12/02/2019,1.999993519,1,a
31f26879-0b60-450f-9747-60694ff87848,13/02/2019,1.999993509,1,b
43127737-5b66-438e-bb85-9c792c21dcfb,14/02/2019,1.999993499,1,c
257d7b11-18a1-48b8-9ec3-f7ae3f98af21,15/02/2019,1.999993489,1,a
cc5c84e4-87cd-4070-a195-1d448a95607b,16/02/2019,1.999993479,1,b
91c727ab-9581-47fd-b0df-382b84f8b5b4,17/02/2019,1.999993469,1,c
88d15090-879e-444a-89c6-7f9bf780c86a,18/02/2019,1.999993459,1,a
feebf8a7-52e4-4572-89ba-4ad15286d01a,19/02/2019,1.999993449,1,b
acf31207-cec0-49c1-a664-6881aea68e7d,20/02/2019,1.999993439,1,c
cb41f761-f856-47e7-9882-07943f008a65,21/02/2019,1.999993429,1,a
a698bd2a-fc0b-42b9-b895-038120157487,22/02/2019,1.999993419,1,b
dc18e70c-5fb8-4356-b2c3-f262dd72f643,23/02/2019,1.999993409,1,c
cb11ab6d-e69d-4ef2-9472-16c384bd1b54,24/02/2019,1.999993399,1,a
6f15d2a9-eb98-4132-95a1-76a3d88aab49,25/02/2019,1.999993389,1,b
7292efb8-bfdd-466a-860e-eebc2d928b8a,26/02/2019,1.999993379,1,c
ab627fc3-9bbd-4e79-9db8-ec23da03fbf4,27/02/2019,1.999993369,1,a
0e9a11c1-59fe-426f-8abe-ac896f1440c0,28/02/2019,1.999993359,1,b
aed9b7ab-8264-41d9-b5fb-05912f2b16da,01/03/2019,1.999993349,1,c
a8c44b66-5e0a-4c18-88f4-0d5caf7c9950,02/03/2019,1.999993339,1,a
7a8e4e7c-bba9-4e4c-a1cc-8f5833f4282a,03/03/2019,1.999993329,1,b
49404ca7-8c30-4d90-aa89-a8329211acbc,04/03/2019,1.999993319,1,c
560812c0-d2fa-41a5-a2b7-acb8cf36d70a,05/03/2019,1.999993309,1,a
a39de20e-8c77-4a72-9278-d50a3e377634,06/03/2019,1.999993299,1,b
b15c5108-c499-4839-87c3-4cdccb38c5a9,07/03/2019,1.999993289,1,c
07674881-d8c0-4ae6-bf1d-c702d96c4bd1,08/03/2019,1.999993279,1,a
1452ff7c-f3dd-406a-9405-6961b4bf4ef7,09/03/2019,1.999993269,1,b
07754a9f-c9ab-42c5-8aee-70983c551649,10/03/2019,1.999993259,1,c
6fd9019c-ef03-4654-93d8-3199beec726d,11/03/2019,1.999993249,1,a
a45f9d52-d98c-4a74-bcc5-879cfd95378a,12/03/2019,1.999993239,1,b
48dd516f-9838-441b-bc78-4e93616acb3f,13/03/2019,1.999993229,1,c
9214efa5-8ac6-4a69-88aa-e5a7e6973b93,14/03/2019,1.999993219,1,a
7f7d002e-a98b-4cfc-92bc-d43b04a6b21e,15/03/2019,1.999993209,1,b
365b9171-64b9-449b-a799-4be30ccbe107,16/03/2019,1.999993199,1,c
777345af-dfb3-47bb-accd-7f6ae8403a01,17/03/2019,1.999993189,1,a
4a46d238-1fe3-4734-a413-ae600a22f39a,18/03/2019,1.999993179,1,b
6e838b49-1a76-45c3-a8a7-1da4005a779a,19/03/2019,1.999993169,1,c
7e72763f-731a-4a64-b45b-3e7016aff2ca,20/03/2019,1.999993159,1,a
ad30e2c7-41bc-4d09-981c-786e871ee5e6,21/03/2019,1.999993149,1,b
3fe5410d-9309-48dd-8269-336716e44ea1,22/03/2019,1.999993139,1,c
3e8bacc4-f0e9-46b2-9d6d-e1c5a8727e55,23/03/2019,1.999993129,1,a
dc34904b-8e6f-4134-9ccc-a1ff552b5c7a,24/03/2019,1.999993119,1,b
2c7c7291-4c61-48c8-ab8b-80459bf01b5e,25/03/2019,1.999993109,1,c
f5794bb1-8e0d-47ec-9fa1-214a1009d6d6,26/03/2019,1.999993099,1,a
91d3e12b-b451-4a9a-b216-6fa7abed6c2a,27/03/2019,1.999993089,1,b
eca73cc8-780b-4b3d-ba8d-ecbe035e71be,28/03/2019,1.999993079,1,c
a7014e7a-bb5c-4334-a97c-ca23370c3e6a,29/03/2019,1.999993069,1,a
b9798d8f-5faf-42fc-9270-48f2ff7a14bf,30/03/2019,1.999993059,1,b
7142a989-54f0-44c9-bc84-f8b61a7656cf,31/03/2019,1.999993049,1,c
2cf6536a-8d38-43ab-8ec1-f7f94f97550e,01/04/2019,1.999993039,1,a
5e90b032-81b2-442a-9b50-229e32ecef42,02/04/2019,1.999993029,1,b
6fa47b27-ff7c-4bf7-b6ff-2843296b7abe,03/04/2019,1.999993019,1,c
ca51ba00-4f21-4c15-a5fc-22b242e8fc93,04/04/2019,1.999993009,1,a
afbfdcad-2697-4fe6-a157-31e5394d6e5a,05/04/2019,1.999992999,1,b
a5b619cf-82ba-484e-896c-52f385fb7266,06/04/2019,1.999992989,1,c
5b2be32b-8be3-4e1d-864a-b619e5d32426,07/04/2019,1.999992979,1,a
d740b43f-5680-4d55-837d-be933309344f,08/04/2019,1.999992969,1,b
0151ee01-c9f6-4983-8bfc-6666cbda029d,09/04/2019,1.999992959,1,c
a5c13fda-c2f5-48ef-999e-01cbb0379670,10/04/2019,1.999992949,1,a
61ff85bb-ab0f-4c25-b22f-a6d2cf2640a8,11/04/2019,1.999992939,1,b
3d03f69e-3a15-4224-a898-375624599c07,12/04/2019,1.999992929,1,c
1e49c2b4-ff19-4b32-b982-9178a75c8025,13/04/2019,1.999992919,1,a
e9a6ba40-9a11-43e9-b54b-6c9fbd97ed7d,14/04/2019,1.999992909,1,b
35ed040b-ae87-4cec-aef6-de7e2a47187d,15/04/2019,1.999992899,1,c
8f812446-38b7-48cf-bed5-334ba4c5ee59,16/04/2019,1.999992889,1,a
1f56c4b1-fad1-45d8-9f36-5c8eb79d1f08,17/04/2019,1.999992879,1,b
4ff6cd95-b0ea-41a2-aa47-72172624e0c6,18/04/2019,1.999992869,1,c
b98e1746-e17a-45f1-b13c-3e1fb929426b,19/04/2019,1.999992859,1,a
54af0c56-3d58-4937-977d-b4ea981f0f50,20/04/2019,1.999992849,1,b
93b9fff2-de88-4015-88f0-285151e8209e,21/04/2019,1.999992839,1,c
f019f0be-d704-4635-b685-767f59a33b43,22/04/2019,1.999992829,1,a
f016d8a1-45c6-46bc-ae53-957240b9e85a,23/04/2019,1.999992819,1,b
bf7e0b51-cbb4-4eb6-aef7-c7a8953960b8,24/04/2019,1.999992809,1,c
cf4b837c-a07e-4754-9d57-b1dd9b59a862,25/04/2019,1.999992799,1,a
864292b5-e7ea-48dc-a2fe-0c63010dff05,26/04/2019,1.999992789,1,b
d7920fc2-500f-4e1a-98ec-8ec2a1a43a11,27/04/2019,1.999992779,1,c
22006c2e-7ceb-45d2-b00a-223dc6d62429,28/04/2019,1.999992769,1,a
cec2652f-f335-4788-971f-75ca55fff448,29/04/2019,1.999992759,1,b
9ea50671-7e39-4dce-bfe8-19d982f504c4,30/04/2019,1.999992749,1,c
34ac9b0b-83ce-4dfb-9c10-6b8173d5bdce,01/05/2019,1.999992739,1,a
aaf2d74c-be5c-4fba-8b50-fe1fc1464821,02/05/2019,1.999992729,1,b
b46f8890-48df-4ee9-8b25-6cf5b395e7c9,03/05/2019,1.999992719,1,c
5669df35-eddd-446a-9230-6790c072eacd,04/05/2019,1.999992709,1,a
e196f194-99c5-4ae9-aa3a-5cb34915617f,05/05/2019,1.999992699,1,b
b59edb82-b0ca-40ec-ad22-944a50e5233a,06/05/2019,1.999992689,1,c
4a999b77-0429-4b88-9c99-9b0d9e5c04a5,07/05/2019,1.999992679,1,a
bc9c8fea-add7-400a-a95d-f4e2d2434003,08/05/2019,1.999992669,1,b
2bcbe439-58bc-4382-9df4-d4bf14479663,09/05/2019,1.999992659,1,c
16444a1e-8e77-4268-9027-152231d42fd9,10/05/2019,1.999992649,1,a
d737a3f6-0690-4ac7-b5a8-2d4687e2713f,11/05/2019,1.999992639,1,b
c6118538-49fd-4a3d-b8d1-1561ba2d4ee3,12/05/2019,1.999992629,1,c
1fc82f5c-bcec-4170-8b01-38b2859afebd,13/05/2019,1.999992619,1,a
bb6dbf2c-5a45-44de-b95a-1cffa5b68c1e,14/05/2019,1.999992609,1,b
3d8dc079-9983-4e25-8929-2702a464a040,15/05/2019,1.999992599,1,c
ef36880a-9f3a-4d5b-9b9e-41cca63cd4af,16/05/2019,1.999992589,1,a
1c6d2290-d160-436e-ab9e-047d5d44b2b6,17/05/2019,1.999992579,1,b
de0be340-170c-499c-ba85-6f5042ca1246,18/05/2019,1.999992569,1,c
a0abb386-42f3-4b42-8227-397f9664f14b,19/05/2019,1.999992559,1,a
e2ae6f0d-6703-46ae-8344-296aa33cc6e0,20/05/2019,1.999992549,1,b
eb908e8f-1beb-44c4-b4b6-673077c57837,21/05/2019,1.999992539,1,c
7bcec5bd-2b0d-4f51-bc17-63c927c1c4b5,22/05/2019,1.999992529,1,a
0c16dfef-62c2-4b11-84ed-6b218eb698d9,23/05/2019,1.999992519,1,b
3284e5b7-468f-4c2c-8de6-231cee8cf54b,24/05/2019,1.999992509,1,c
fbc86645-1cdf-4e25-9d3f-096d5752c424,25/05/2019,1.999992499,1,a
358d486e-5d8d-4aa6-8755-99d3c2a621ef,26/05/2019,1.999992489,1,b
178b1412-0656-4cee-8070-0462c23daea6,27/05/2019,1.999992479,1,c
0d44cd53-e416-4ca0-89c1-18fb2cc25057,28/05/2019,1.999992469,1,a
a7ef37bc-72b4-4529-b228-c28b6d04e9cf,29/05/2019,1.999992459,1,b
b0c7cb83-b923-4f54-b9a2-b88e0ea1dc15,30/05/2019,1.999992449,1,c
2a4583e4-d890-4a75-a7ef-15a22bbec71a,31/05/2019,1.999992439,1,a
fc0e4c03-3f10-4cdb-9687-6c23fb0911f4,01/06/2019,1.999992429,1,b
72163857-6b93-4ac9-85ad-e0974e938824,02/06/2019,1.999992419,1,c
c32ff186-f478-4a9e-9828-90cd356bc834,03/06/2019,1.999992409,1,a
bf1df8c2-688a-4134-ae6c-f12f51f4dba1,04/06/2019,1.999992399,1,b
9d94ec71-75e7-4e21-a141-c9604e918ece,05/06/2019,1.999992389,1,c
183b83b2-cb04-45d7-b3d1-4608f35bbaf3,06/06/2019,1.999992379,1,a
ad3f5ee5-c795-453b-ae9a-6b40e9759e0f,07/06/2019,1.999992369,1,b
0393b138-a8b8-43ba-9dd2-1c98389522ca,08/06/2019,1.999992359,1,c
99f65f9a-08cd-4e8d-86e5-7979fd705c4a,09/06/2019,1.999992349,1,a
fba71b4b-36d0-4ece-a5fc-3cd0979d415a,10/06/2019,1.999992339,1,b
6baf698d-cff0-4c6c-a0a1-51d61c1fa51c,11/06/2019,1.999992329,1,c
34a58c4d-4488-4e47-8e03-6c4e798ef98c,12/06/2019,1.999992319,1,a
823f6aad-5946-4526-958b-74c4893da08d,13/06/2019,1.999992309,1,b
a791be1c-0827-4ce9-9002-8cdfe4d6c295,14/06/2019,1.999992299,1,c
eeec6cdf-7c33-4dba-9639-c53dc28d17de,15/06/2019,1.999992289,1,a
73a90235-f874-4728-aa1a-89b284f9f613,16/06/2019,1.999992279,1,b
a5e8bbf6-db2a-4802-8e24-d7410ce7f6ae,17/06/2019,1.999992269,1,c
6893fbfb-432f-46c0-919c-ec52cdeb1a03,18/06/2019,1.999992259,1,a
30a9331f-bac1-45d8-b8a7-f29b138469f8,19/06/2019,1.999992249,1,b
71420704-6c3e-4526-b8c6-5f69011175a2,20/06/2019,1.999992239,1,c
557b4bd9-a3e7-40f8-85d9-c8b455660c4a,21/06/2019,1.999992229,1,a
50bc1585-5ed1-4a16-8b89-c0a5cf4f97b4,22/06/2019,1.999992219,1,b
f5d98c2e-b459-4c2c-be9f-6dcbbf01b4db,23/06/2019,1.999992209,1,c
5751a545-8bfe-48b1-9698-e9b7fcb2b334,24/06/2019,1.999992199,1,a
1a179c38-ccf8-4e68-b868-de10e26190a1,25/06/2019,1.999992189,1,b
07f1e894-a365-42ab-92f7-ece9e998de1d,26/06/2019,1.999992179,1,c
97c889df-e51a-432e-8b26-36bc89fb658d,27/06/2019,1.999992169,1,a
3afc1255-7b5e-4b75-bf6d-43f362e8de92,28/06/2019,1.999992159,1,b
02dd8017-e72c-4460-98c5-451bbfc066a4,29/06/2019,1.999992149,1,c
3d1251b0-d9b8-4fb1-91b1-458963781084,30/06/2019,1.999992139,1,a
464d946d-2f39-4ebc-b344-b12216b4f3fe,01/07/2019,1.999992129,1,b
14461b27-c95a-4e71-8eda-9e2c734a33cf,02/07/2019,1.999992119,1,c
79644c96-6ac9-48ea-95c3-1192b829caba,03/07/2019,1.999992109,1,a
7025fa12-90c0-473d-8471-37e2672064bd,04/07/2019,1.999992099,1,b
c4ab8f35-54f6-4c73-86d5-ebbafe4ac966,05/07/2019,1.999992089,1,c
8ff6e788-fc03-420f-8d9f-fcd264c8c9f4,06/07/2019,1.999992079,1,a
c2b03040-4fbf-4a9f-a887-dd4679d91912,07/07/2019,1.999992069,1,b
9b3f831b-94b3-4d2e-ba66-eb34ce598ee8,08/07/2019,1.999992059,1,c
eae41de6-8aeb-4f67-9bc8-390827c03a51,09/07/2019,1.999992049,1,a
1a104283-08ee-457f-b03d-d9409011b9ac,10/07/2019,1.999992039,1,b
42e025ee-c300-4b30-966d-ae9f9b1b1914,11/07/2019,1.999992029,1,c
e6705d68-cee5-42eb-8828-b3e064dcfdb3,12/07/2019,1.999992019,1,a
3214bc16-321f-4e5c-8a8e-a2bc2afd07b9,13/07/2019,1.999992009,1,b
918a94c2-dc6d-4be3-ab0e-2bb8006b18e4,14/07/2019,1.999991999,1,c
cd313b0a-7a52-4b5e-910a-da19fec1de90,15/07/2019,1.999991989,1,a
7503d9e3-ef82-4421-8689-080ec3345941,16/07/2019,1.999991979,1,b
b7878a8f-dba2-49de-85c0-291eea8fe8ea,17/07/2019,1.999991969,1,c
c5605386-5ea4-45a0-b09f-905d1d437b11,18/07/2019,1.999991959,1,a
2c693f7d-9fe6-4501-b848-3a5265362add,19/07/2019,1.999991949,1,b
fe12ec8e-ba74-4eaa-adb7-587f0be7a6bb,20/07/2019,1.999991939,1,c
75aae21c-9329-4f5c-9420-8a2e3c7a4528,21/07/2019,1.999991929,1,a
8bbbd1c4-d1b6-47b6-af65-e2faa3783b4f,22/07/2019,1.999991919,1,b
d4cdc87e-e8e3-48ae-95c6-f2526440b678,23/07/2019,1.999991909,1,c
77b235da-7d2c-4914-9fc0-4be489693532,24/07/2019,1.999991899,1,a
387723d2-837f-4b2c-a53a-86b2e5951748,25/07/2019,1.999991889,1,b
63606f76-5348-4efa-a182-1eb7cdd91b9d,26/07/2019,1.999991879,1,c
af6d37e6-bda1-4b9d-b9c7-7f9f0b8d8907,27/07/2019,1.999991869,1,a
d53f097b-0089-4e83-8244-3a618f5f7789,28/07/2019,1.999991859,1,b
9ea36a2a-5ef4-4402-b2d4-37cb1b2ed395,29/07/2019,1.999991849,1,c
6313d8f6-3ea6-4bfd-9545-7842f94123c7,30/07/2019,1.999991839,1,a
a95fef69-e1e5-40b9-a22e-985c67254aa1,31/07/2019,1.999991829,1,b
74092d49-03d3-4eb9-98b1-479673e9a0bd,01/08/2019,1.999991819,1,c
0dbe46b5-06e7-4f0c-a55b-71c4e117ca0b,02/08/2019,1.999991809,1,a
44883940-336e-4b1a-a1b6-ada4a9d949b9,03/08/2019,1.999991799,1,b
e514d948-926b-46b6-8154-f335239bae72,04/08/2019,1.999991789,1,c
ea129f0a-30ac-41f2-83b3-649b4b012531,05/08/2019,1.999991779,1,a
a941c9b5-efce-4a31-9b02-0a5edfefb017,06/08/2019,1.999991769,1,b
bee7772e-2401-42ad-a301-7d0c2fa9a670,07/08/2019,1.999991759,1,c
c2060e51-c0bd-42c6-b2a4-9ed3126d144b,08/08/2019,1.999991749,1,a
89c9363b-b228-4544-a3e4-825793ab07a3,09/08/2019,1.999991739,1,b
adffe876-f172-4333-99c0-8edde3cbe268,10/08/2019,1.999991729,1,c
43aea1d1-513f-42d9-9c32-c505083948f0,11/08/2019,1.999991719,1,a
2006d678-f3df-4476-b6df-adfe024acc75,12/08/2019,1.999991709,1,b
50972fcc-2131-4332-a9a4-823ac404dd9c,13/08/2019,1.999991699,1,c
e93440cf-593e-48ff-8d38-62d7d3d5d937,14/08/2019,1.999991689,1,a
a6377eb1-6c8b-4810-911e-2100a8de3407,15/08/2019,1.999991679,1,b
dc54763b-1f7f-44c8-8dad-dc8f3a6b3652,16/08/2019,1.999991669,1,c
e21cef9e-7e6c-48a4-94bd-4a874ddaaab0,17/08/2019,1.999991659,1,a
32ddf559-5060-4793-b87e-a48a3c686ca8,18/08/2019,1.999991649,1,b
2ff816cc-0d0a-4ee4-9859-f326f8911dc4,19/08/2019,1.999991639,1,c
c85030a7-af94-4e11-aa52-cbd3fd9f7601,20/08/2019,1.999991629,1,a
c2b193c6-c3c3-4e9f-95bf-23c96e2b8ef3,21/08/2019,1.999991619,1,b
9ab3c0c1-1e85-4e4d-9d1a-eb2c66f95a78,22/08/2019,1.999991609,1,c
e3463214-8fdf-402b-a1d1-f9cd7ed5995b,23/08/2019,1.999991599,1,a
d886fd44-dedf-441d-8ab6-6a3088971294,24/08/2019,1.999991589,1,b
90e937e8-8d96-40ee-9319-db1a8bccb1ca,25/08/2019,1.999991579,1,c
ecb3ddc6-9f62-4e33-acc9-96a2c3c9ebfb,26/08/2019,1.999991569,1,a
8966a379-695c-4fdf-a98e-235c59f385bd,27/08/2019,1.999991559,1,b
6629492e-7e95-4717-889d-f0722efd29d8,28/08/2019,1.999991549,1,c
1a136f22-44ee-44cf-be27-90a843039f6e,29/08/2019,1.999991539,1,a
db773feb-586e-4645-afa2-ce6a22948142,30/08/2019,1.999991529,1,b
aca35039-5997-481b-ba9b-98d0cf7cde06,31/08/2019,1.999991519,1,c
7a8fcf55-0b7a-4f2a-9f40-98cb33e83d99,01/09/2019,1.999991509,1,a
a73dc5a5-eada-4c0f-bfc8-011d2de4593a,02/09/2019,1.999991499,1,b
e789fb9b-97c2-497c-a0a6-fd7d8131fea2,03/09/2019,1.999991489,1,c
4e298a53-6e0c-4bc7-b78e-095569a0320a,04/09/2019,1.999991479,1,a
4e7a8843-fb53-44d4-818e-52c6d53128c9,05/09/2019,1.999991469,1,b
8c15bf6c-19c3-4969-b2f8-5644ea328fad,06/09/2019,1.999991459,1,c
08c4a575-44cc-44f9-af5d-460de542d577,07/09/2019,1.999991449,1,a
6aaabf12-fa02-4fdf-bf6a-9d0b630a3efc,08/09/2019,1.999991439,1,b
86ba8f32-adf4-4ee7-9e8e-43ee3a680c64,09/09/2019,1.999991429,1,c
4f219c35-5354-4d38-a467-ab97aa90559b,10/09/2019,1.999991419,1,a
4533ec3d-3cc4-4fe6-96f9-13dbc7f5daff,11/09/2019,1.999991409,1,b
f0a682aa-b57f-4f9e-9fcb-93221b8e9bab,12/09/2019,1.999991399,1,c
16202b09-e627-4753-b152-72742c679f67,13/09/2019,1.999991389,1,a
bb0cba9b-df96-4046-9fdd-19661edddf58,14/09/2019,1.999991379,1,b
4b7fdccd-6c66-48bb-b78a-fba5929a2442,15/09/2019,1.999991369,1,c
c6b86dc9-d856-4c96-a038-681d13cf3b59,16/09/2019,1.999991359,1,a
d31c9108-a4f7-4c1f-a554-3551ebe23c8f,17/09/2019,1.999991349,1,b
0dd79e62-a38b-486d-a48d-fb3a6966b22e,18/09/2019,1.999991339,1,c
47842cbd-58a5-42d2-90c2-391957b9b836,19/09/2019,1.999991329,1,a
2d2e6c5d-0479-4a80-8d5e-fff54eb73898,20/09/2019,1.999991319,1,b
b1731927-7611-42e2-99f8-2fee0cdd8117,21/09/2019,1.999991309,1,c
624986e8-ba61-4f03-9307-d9478098cf73,22/09/2019,1.999991299,1,a
6c985b9d-1b2b-4b2e-8626-9baa96b9aed1,23/09/2019,1.999991289,1,b
4cc4a007-3c6f-467a-b08d-cf8ee4d865a6,24/09/2019,1.999991279,1,c
67654f70-4b70-42f5-bd00-31f2e6c5108d,25/09/2019,1.999991269,1,a
78ef6912-1438-46b0-909e-a2785755bd8f,26/09/2019,1.999991259,1,b
2a4b4e68-91e2-44f7-8def-16e70988c2b5,27/09/2019,1.999991249,1,c
67868830-1f7e-4be0-87b4-f3dd5d965e31,28/09/2019,1.999991239,1,a
3c043dad-4ff2-4f88-a52f-95a7f6984215,29/09/2019,1.999991229,1,b
914d2f7b-da7b-4f81-8018-3fb1a829f934,30/09/2019,1.999991219,1,c
3ab6f9a9-fe54-444e-a81a-1ab928913dcb,01/10/2019,1.999991209,1,a
b8d750df-eca3-488e-ae3a-2fb4beb374ce,02/10/2019,1.999991199,1,b
1092f6f4-fd39-4fd7-98cf-ea440ce06628,03/10/2019,1.999991189,1,c
e238f09a-d238-4ec1-b12a-bf675cd3abc4,04/10/2019,1.999991179,1,a
25b5a99d-b4dc-450b-bf3d-b3901067e18e,05/10/2019,1.999991169,1,b
af1d0609-2d5a-44a7-a5ac-ff545d5f3f6f,06/10/2019,1.999991159,1,c
53c4eb53-05a8-4c81-9b60-5eba3eef38f0,07/10/2019,1.999991149,1,a
44ca1b53-5e0b-4de5-90d0-9142031b28b8,08/10/2019,1.999991139,1,b
fc5091ba-c184-4a68-9381-d2bdebfead0a,09/10/2019,1.999991129,1,c
2831b419-46fe-4188-abc0-ac7722174715,10/10/2019,1.999991119,1,a
bb341e27-2d6a-438b-9c6e-9d745d360900,11/10/2019,1.999991109,1,b
c425b1a6-adce-4d7f-8be0-fcf547e838b1,12/10/2019,1.999991099,1,c
ce42ae8d-407e-41c1-9e3e-985de5ababa4,13/10/2019,1.999991089,1,a
ebe57959-6d9a-4105-9973-0b8e0ec1109e,14/10/2019,1.999991079,1,b
7748104c-0e89-49e5-994e-11ea70c3e2b3,15/10/2019,1.999991069,1,c
8ead30b7-56ef-4f6c-b9a9-9c3a034f5a4c,16/10/2019,1.999991059,1,a
d9fd18cb-bd84-45d2-a29b-043b8f24db95,17/10/2019,1.999991049,1,b
8c466707-f160-458c-91bc-b1d702ca762c,18/10/2019,1.999991039,1,c
12e76957-7a2a-4038-92ac-21047a00fd6e,19/10/2019,1.999991029,1,a
ab676f95-5487-485d-bcd2-08b3795b134e,20/10/2019,1.999991019,1,b
f0a943b7-36b8-46d8-885c-36770d469640,21/10/2019,1.999991009,1,c
9645a9ef-08b3-4a61-aefe-1f02dc265bf8,22/10/2019,1.999990999,1,a
e113314f-08ff-4b33-b6b5-850e40e83a79,23/10/2019,1.999990989,1,b
1f984303-9ff7-44b9-afc2-670eb5854331,24/10/2019,1.999990979,1,c
82e85baa-4a84-4972-a25a-abf283180c0d,25/10/2019,1.999990969,1,a
e13892ac-a4d2-48b0-9024-0736a9b923a1,26/10/2019,1.999990959,1,b
e74df40d-1604-40de-9022-689362b34eb6,27/10/2019,1.999990949,1,c
2c95ce71-5bfa-4251-98e8-8e1da3e877f5,28/10/2019,1.999990939,1,a
a5e53edd-0498-464e-a3d1-d479e575cab7,29/10/2019,1.999990929,1,b
4f516d1f-81ff-4657-bc2a-7e5fa565d0b2,30/10/2019,1.999990919,1,c
33dd984b-bbd1-4fbe-a3a1-11c5344b0462,31/10/2019,1.999990909,1,a
2535c04f-de37-49b8-a644-c491368a1ac9,01/11/2019,1.999990899,1,b
94d4a9e4-2c8f-41ab-9376-01b18170898f,02/11/2019,1.999990889,1,c
3fec7500-042a-4134-a152-7b4497cede94,03/11/2019,1.999990879,1,a
2ca57887-9a74-499d-9c66-3a2d9d8f8e12,04/11/2019,1.999990869,1,b
8a136436-ee71-4f22-b20c-c29161378cf0,05/11/2019,1.999990859,1,c
80a74ed4-8d64-421d-ab53-d20bbae823d0,06/11/2019,1.999990849,1,a
d9263ca1-6ad6-43b9-901e-4448ba93a25b,07/11/2019,1.999990839,1,b
ae7b4ad2-38de-4ae7-bfd5-003af5140a30,08/11/2019,1.999990829,1,c
8714a5a9-03a1-4f39-bfd2-3f80dfeab297,09/11/2019,1.999990819,1,a
900d72fe-9645-44cc-b3e1-67222126cab8,10/11/2019,1.999990809,1,b
cbf3a763-8b77-49ee-81b9-e42471c6b1a7,11/11/2019,1.999990799,1,c
0642b28d-6d34-43fc-9782-2e9a1f104959,12/11/2019,1.999990789,1,a
c93acb0c-400c-4ea2-bfc7-df8cdee06b7a,13/11/2019,1.999990779,1,b
b1d92687-1f23-433b-945f-38694fbf5c3c,14/11/2019,1.999990769,1,c
2da107e8-f3c8-4b35-a4ff-72a31a504678,15/11/2019,1.999990759,1,a
09187811-6343-468e-8a5a-4e69c757300d,16/11/2019,1.999990749,1,b
e63317ae-b3fc-4d38-84da-57bca1d8b81b,17/11/2019,1.999990739,1,c
6836da64-8796-47ed-9a11-92eb8ab01704,18/11/2019,1.999990729,1,a
71cba439-71ec-4bb5-98ce-76fd0e3bcfca,19/11/2019,1.999990719,1,b
99e0be16-990c-4438-842d-3ce53d04172e,20/11/2019,1.999990709,1,c
20ab283e-a98a-41ea-a630-b5977fd7bdde,21/11/2019,1.999990699,1,a
5b79dfb5-adad-430f-b69c-5990a42c1242,22/11/2019,1.999990689,1,b
11d73bb1-812c-4740-9ad4-836f499301b7,23/11/2019,1.999990679,1,c
85b231bf-c306-41f9-b8a9-0bcb5a8fbdb6,24/11/2019,1.999990669,1,a
86f9dee6-b687-4db6-bc4a-0956c9afbbb7,25/11/2019,1.999990659,1,b
f0217624-9a12-407c-8f8b-050a8e10323d,26/11/2019,1.999990649,1,c
6ca8d888-d57f-476b-b2ab-dd86eb78f718,27/11/2019,1.999990639,1,a
ba4e135b-7b34-4a46-a935-4805806df44e,28/11/2019,1.999990629,1,b
3a4b2734-8d6d-42a8-adfc-92d52142930c,29/11/2019,1.999990619,1,c
1a6a21c3-820a-47e2-ab3d-f345d1029653,30/11/2019,1.999990609,1,a
0ba64ab6-3ae1-440a-a433-1c5f43dcf7f7,01/12/2019,1.999990599,1,b
caa6e684-e548-4284-b31b-eb4ee4fc1019,02/12/2019,1.999990589,1,c
11f8b1f4-37aa-4927-9d91-d31f17bd4250,03/12/2019,1.999990579,1,a
984d7b75-8ef8-4bbd-921f-de3ece5de9d2,04/12/2019,1.999990569,1,b
6ee9d456-711c-40ff-a2f8-10a5e1913312,05/12/2019,1.999990559,1,c
6f5b77c9-aad9-4ff2-b71f-40e82225f55c,06/12/2019,1.999990549,1,a
e0657e4b-591b-4145-8d76-236e7d18b4fc,07/12/2019,1.999990539,1,b
b41f77ce-a525-4af4-8647-f6bddf2d2f35,08/12/2019,1.999990529,1,c
c4dafb1f-f590-487b-aa41-bddca295c1ff,09/12/2019,1.999990519,1,a
8e9a54ec-d02d-4ed5-ab64-f99e73013994,10/12/2019,1.999990509,1,b
2150a380-25bb-4fd7-99a7-fa22d6a4ae12,11/12/2019,1.999990499,1,c
3b6266af-6bb6-40d3-9a43-6fb51ddacfa2,12/12/2019,1.999990489,1,a
bfc226c2-2251-4a75-9ecb-3cfabffea532,13/12/2019,1.999990479,1,b
3d4dcfdd-3765-43d7-88af-b54e31e7fece,14/12/2019,1.999990469,1,c
db539510-5cdf-4554-bb0f-c8ee94b460de,15/12/2019,1.999990459,1,a
e17b3a36-8295-4afc-9a22-4f73297a899d,16/12/2019,1.999990449,1,b
7e4e0112-7d7b-42db-9a3c-cb80755e9629,17/12/2019,1.999990439,1,c
e50c4d3a-a6a9-4518-9279-dada3fdde58c,18/12/2019,1.999990429,1,a
e8269eae-b977-45e8-a84b-ae25263eda73,19/12/2019,1.999990419,1,b
aef9d3a0-16fe-488e-a717-069dd6fd8695,20/12/2019,1.999990409,1,c
cf56ced8-f9de-4663-b2a9-1087f0735e58,21/12/2019,1.999990399,1,a
637e1fd7-0e23-44cf-93b8-f78618f57a42,22/12/2019,1.999990389,1,b
249a97ab-13c1-4644-943b-c0669e1f8efe,23/12/2019,1.999990379,1,c
f4330e78-8369-4bd8-b82b-15fb0b203518,24/12/2019,1.999990369,1,a
aab3e42a-0c7d-4f0a-8f73-ed88383d138d,25/12/2019,1.999990359,1,b
fcac6fc0-f6ab-464a-8837-f815a739e9e8,26/12/2019,1.999990349,1,c
6dfa412e-2b40-416b-8544-5ac2c2623a99,27/12/2019,1.999990339,1,a
206fd60d-f974-410b-8e69-171adb6b036f,28/12/2019,1.999990329,1,b
b118b6ff-3b05-41f7-8b25-e16bf8758e23,29/12/2019,1.999990319,1,c
774818d5-95d8-4ef9-ac96-eb117c05249b,30/12/2019,1.999990309,1,a
73595461-ba8e-4bc2-a860-b3cba63f3fb3,31/12/2019,1.999990299,1,b
1c7f4820-ab4e-4297-b81f-2e6055e1c635,01/01/2020,1.999990289,1,c
35ebf89e-9a5d-4534-8379-504ad0a6f61c,02/01/2020,1.999990279,1,a
f5c14010-d170-4842-8fac-561355a534d6,03/01/2020,1.999990269,1,b
349f70c4-36d6-4b8f-9dff-a1b21000cf24,04/01/2020,1.999990259,1,c
9801511c-1d2f-463f-9a54-a0568b0e9439,05/01/2020,1.999990249,1,a
8ab9dfa5-45b7-433f-9ee1-0c713090d3a9,06/01/2020,1.999990239,1,b
61b3ca23-11f0-4bf2-959f-5b01931330c5,07/01/2020,1.999990229,1,c
7473ccc3-d252-41e7-a4db-3177a82b7f47,08/01/2020,1.999990219,1,a
4e2230f2-f886-4ea9-bf82-933622442033,09/01/2020,1.999990209,1,b
dc81e7b6-0c42-4e47-92a7-56e2b31a0a4f,10/01/2020,1.999990199,1,c
3247cb51-784b-4a3a-b86e-016fff04007f,11/01/2020,1.999990189,1,a
8fe8138e-2790-42d3-8fe5-51171bf30361,12/01/2020,1.999990179,1,b
b64736d0-5bef-4393-b007-9793c38c78b6,13/01/2020,1.999990169,1,c
453e5a50-82de-4372-b5f9-b8bb08b296e0,14/01/2020,1.999990159,1,a
2429ec19-c473-43a9-ba26-91e329132725,15/01/2020,1.999990149,1,b
5f263355-2e99-461d-8afc-191d33741689,16/01/2020,1.999990139,1,c
9b179e9a-c70d-4d76-9ebb-090fa02503f9,17/01/2020,1.999990129,1,a
c6a32a4f-1e17-479f-bea1-054be8ffd0d6,18/01/2020,1.999990119,1,b
283af65b-9389-4d81-840f-4b23e94c5407,19/01/2020,1.999990109,1,c
d0367af9-dcc5-4b66-a16e-c08dab47e07d,20/01/2020,1.999990099,1,a
84820c66-f9f1-48d6-bef2-10652776b21f,21/01/2020,1.999990089,1,b
6ee58feb-6c5b-420d-a830-d0df85a78a24,22/01/2020,1.999990079,1,c
0e4b9223-fa4c-4c4f-b24d-fb0ff01c5f50,23/01/2020,1.999990069,1,a
2987c6ac-8f7a-4c4e-b3ef-7a339c18c1c4,24/01/2020,1.999990059,1,b
da2eddf1-66ac-4107-96f1-63e5f3bf5a48,25/01/2020,1.999990049,1,c
a289e326-9ee6-41ab-94eb-68444ac84588,26/01/2020,1.999990039,1,a
8dbb017e-92e4-4bc9-9417-df672b51f56c,27/01/2020,1.999990029,1,b
e26d8db7-0a54-4e1e-a304-51c69e2d3aed,28/01/2020,1.999990019,1,c
8fef1bc1-3d5c-4fd1-9c8c-36fcddca7b71,29/01/2020,1.999990009,1,a
2201dc98-6444-4a6c-9157-2e2a722d3d72,30/01/2020,1.999989999,1,b
fd53d637-dd00-40f0-bdc3-8f2b03b814a6,31/01/2020,1.999989989,1,c
92b1bcf9-c196-43d9-b704-d57887ae77ca,01/02/2020,1.999989979,1,a
5a035668-2c6c-4583-a5bd-d04b44812c67,02/02/2020,1.999989969,1,b
484cc080-7e53-4144-93ea-3d8146e3458b,03/02/2020,1.999989959,1,c
7bb31206-10d3-4476-9bc2-829122f7f2b4,04/02/2020,1.999989949,1,a
afd52968-a549-4c97-99cb-f1aed94145c0,05/02/2020,1.999989939,1,b
1baf39cd-6fd8-4e85-852d-8e6eb596a9a6,06/02/2020,1.999989929,1,c
4b892de9-9849-4491-8063-877195803da7,07/02/2020,1.999989919,1,a
8833a99c-2f18-4dd2-b64c-2295192fb745,08/02/2020,1.999989909,1,b
a2071ac4-41d3-4f43-8184-d7b1942d76ee,09/02/2020,1.999989899,1,c
170ac196-90e1-4d46-bccf-c5e5d2d92c5b,10/02/2020,1.999989889,1,a
bd06352b-bb7c-4899-b114-ae50cf74622f,11/02/2020,1.999989879,1,b
3229b375-2caa-43af-bf1f-251f8edbece2,12/02/2020,1.999989869,1,c
23a6af25-282c-4c48-81da-329a733b28f5,13/02/2020,1.999989859,1,a
aba7be1a-0694-455b-a0fc-08eed87ba5c0,14/02/2020,1.999989849,1,b
1f5773ab-e7ad-4ab5-9b92-bc01100bbc5e,15/02/2020,1.999989839,1,c
5294fbc2-15c5-4cf8-bd17-dd13aaa152fa,16/02/2020,1.999989829,1,a
0645e564-b597-4c49-9ba3-1102dfebdcca,17/02/2020,1.999989819,1,b
7d329dbf-ed88-43dc-91fe-e87e164be099,18/02/2020,1.999989809,1,c
7f76b226-0a70-44f8-8a1a-750dfbcda41a,19/02/2020,1.999989799,1,a
99f4b4dc-8e5a-445b-9809-6b312c62de3e,20/02/2020,1.999989789,1,b
8c2f2b24-fa51-4f60-9f8c-097ffa23c400,21/02/2020,1.999989779,1,c
4979fcdf-7988-470b-b75a-a1f5e7d638a2,22/02/2020,1.999989769,1,a
5e2b948e-4843-4785-a1e0-5c7b08223ba9,23/02/2020,1.999989759,1,b
24a138d4-9a78-4ffc-a3b9-3a0ab06eb356,24/02/2020,1.999989749,1,c
ed940a62-78c0-400f-8e97-360a9b813aec,25/02/2020,1.999989739,1,a
2f86a6ab-873e-4f3d-9aa8-d9082c3e21da,26/02/2020,1.999989729,1,b
54b8b857-89ed-4334-bddc-dcaaa69e3480,27/02/2020,1.999989719,1,c
b5085972-c595-4ec2-b221-2c5c835ef96e,28/02/2020,1.999989709,1,a
46761f85-c056-4368-bdec-9171f34049a5,29/02/2020,1.999989699,1,b
4d5a7d74-a60f-4718-96bc-683eb62a89ab,01/03/2020,1.999989689,1,c
ecb5491c-ae3b-46ee-9cdc-a0776bb3ad25,02/03/2020,1.999989679,1,a
18dbecbc-139b-41dc-98c3-bc9ac9228e0a,03/03/2020,1.999989669,1,b
9de05423-2436-4550-9d20-be3b78c6647d,04/03/2020,1.999989659,1,c
32802ba9-cf2d-43d5-80b6-2dd711786700,05/03/2020,1.999989649,1,a
bb15fc28-d961-4fcd-abb1-8fea519a96c1,06/03/2020,1.999989639,1,b
40f4aa24-8ea8-40c2-bbeb-0675f92ce696,07/03/2020,1.999989629,1,c
8499b520-cda7-4e8a-9914-7dc391eab2d8,08/03/2020,1.999989619,1,a
699543a4-5661-4ab0-b874-8a612edfee44,09/03/2020,1.999989609,1,b
fe9b36d8-9b04-4675-91c3-54a589626bca,10/03/2020,1.999989599,1,c
19467471-0302-4e41-9f08-d8af36a08afd,11/03/2020,1.999989589,1,a
a74da13f-1536-47c4-bd7f-0bf459879b7f,12/03/2020,1.999989579,1,b
7c38f386-6e31-4fb6-9043-f8ef82a019ac,13/03/2020,1.999989569,1,c
32ff9043-bb90-4b60-9f51-66da6e0a90f7,14/03/2020,1.999989559,1,a
6538c581-2cb0-4545-8747-51c4d49d0904,15/03/2020,1.999989549,1,b
b146c20a-a93d-4f30-a02b-78b125626f88,16/03/2020,1.999989539,1,c
d9f29aa2-a5c6-4e61-ac09-2fc3b2201dea,17/03/2020,1.999989529,1,a
838a1210-df03-4997-86c3-86309c627934,18/03/2020,1.999989519,1,b
f631bcd2-42b1-4c41-9d35-32b640b2ca4a,19/03/2020,1.999989509,1,c
8e978863-dc89-4558-a933-fe4e4f49c70f,20/03/2020,1.999989499,1,a
5de0cca7-a1e9-4560-9dd2-1d41d97fa104,21/03/2020,1.999989489,1,b
77ef2888-0d0d-4865-882b-74329e422e34,22/03/2020,1.999989479,1,c
f8070b4d-8d05-47be-9b6c-164b7c9aa047,23/03/2020,1.999989469,1,a
9ce2f327-0c96-4610-9131-5ad9f9b632d9,24/03/2020,1.999989459,1,b
085dcac0-6857-419c-9d1d-6abf89815a05,25/03/2020,1.999989449,1,c
c5df368d-c51d-4492-951e-b4a5b19e4d3b,26/03/2020,1.999989439,1,a
58829b4a-6bfe-4be8-8f49-b1214ce16484,27/03/2020,1.999989429,1,b
6722701b-f6ed-4c8e-8726-b6327a6d3a0f,28/03/2020,1.999989419,1,c
cfb85746-ef02-42f5-b288-d5cf134a862d,29/03/2020,1.999989409,1,a
37cdf021-c9a1-4a28-bef8-f7192ab41de4,30/03/2020,1.999989399,1,b
dc053f37-9007-4d9f-8134-886f613b4a11,31/03/2020,1.999989389,1,c
d0387296-b94a-4e78-9cd9-51726d026e93,01/04/2020,1.999989379,1,a
e3d5c81c-9b1a-433e-a659-ac6b0d7c48f6,02/04/2020,1.999989369,1,b
3ebca8f5-890a-4123-9431-03cda59e79ca,03/04/2020,1.999989359,1,c
8b6b7866-365d-4695-9f8f-bdeff8255b71,04/04/2020,1.999989349,1,a
e2280cac-659b-416e-b04c-a6a9c0cbd2e1,05/04/2020,1.999989339,1,b
10a04789-48a1-4bd9-bf3a-a882db6e7e44,06/04/2020,1.999989329,1,c
ceb640d9-e7da-4879-95d3-37b9673a53e4,07/04/2020,1.999989319,1,a
828ee240-9081-40f9-a3a5-3bda4c77e1ec,08/04/2020,1.999989309,1,b
734d20a1-2fc5-48a3-b780-f491ffa8b8a3,09/04/2020,1.999989299,1,c
7a672869-10d6-45d1-8933-535834b4ae22,10/04/2020,1.999989289,1,a
2d2b9a5c-d615-4302-8bee-fd241728f7c9,11/04/2020,1.999989279,1,b
75c0385e-7dd9-4a91-9255-e22f8d07704e,12/04/2020,1.999989269,1,c
e7aa93b8-8775-42e1-8c17-b3ab695568e4,13/04/2020,1.999989259,1,a
13cfa82b-1bf9-4fdb-a982-0329dcbb3e86,14/04/2020,1.999989249,1,b
53c4812c-e059-401b-b12b-0294243012de,15/04/2020,1.999989239,1,c
8ccac18e-e78a-4239-9fd5-f09f8fcf3fdf,16/04/2020,1.999989229,1,a
feab6674-26ca-451b-8284-e505c0a4f624,17/04/2020,1.999989219,1,b
fc35168a-2b75-4cbe-a44e-78d79cc3e152,18/04/2020,1.999989209,1,c
83edf40d-be4f-40bd-87f3-bd50017c8bfe,19/04/2020,1.999989199,1,a
768d4e7c-c6d3-4047-9036-68df2644f2ef,20/04/2020,1.999989189,1,b
875dc4fa-033c-4297-b2c6-91e4b37205e1,21/04/2020,1.999989179,1,c
3087f001-5a3f-422c-8869-cb9d0649b738,22/04/2020,1.999989169,1,a
941b2987-d3a1-4197-882b-0225b2af4a76,23/04/2020,1.999989159,1,b
84475e1d-26ea-409b-9249-37ac4bd317ed,24/04/2020,1.999989149,1,c
78264f91-1139-4e70-a332-ed4b4184e42a,25/04/2020,1.999989139,1,a
66603cf3-5517-4ad0-a079-cbc02728e5b4,26/04/2020,1.999989129,1,b
3bc85c4b-b982-48ab-9663-6e129ed6cfd7,27/04/2020,1.999989119,1,c
08cf8814-03c2-4d00-8e4b-04d1e6f549f5,28/04/2020,1.999989109,1,a
ef35490a-5eeb-4938-ab46-454e0dfcce16,29/04/2020,1.999989099,1,b
724d1676-5b0d-43f8-935b-07425182017a,30/04/2020,1.999989089,1,c
56102ebe-c6da-4024-bd50-4c66158ce387,01/05/2020,1.999989079,1,a
3fc90c94-6532-4d5b-978c-c61ba9992654,02/05/2020,1.999989069,1,b
6d4903e1-3695-429a-9602-d33ba21d38a6,03/05/2020,1.999989059,1,c
ba44c088-73d1-4b79-90e5-36fc4e026730,04/05/2020,1.999989049,1,a
15f76ff9-6ec0-49c8-8fe2-2f3de6d9c48f,05/05/2020,1.999989039,1,b
a3bb66c1-7686-458e-ae5d-fe67280b9a5c,06/05/2020,1.999989029,1,c
3b24ce6a-1eb1-49f4-b923-b65f55c86148,07/05/2020,1.999989019,1,a
dbdca303-f03f-4a3f-8d8d-780507ff54ba,08/05/2020,1.999989009,1,b
85e3be09-7d06-48a5-b27f-6bd623cfe6d0,09/05/2020,1.999988999,1,c
2762f795-2dea-4bb7-9880-d542850171bb,10/05/2020,1.999988989,1,a
c080fdb1-ec83-494d-bed8-bf6afdf9e56b,11/05/2020,1.999988979,1,b
a6e4912f-8c4a-422c-a3b7-acd35c49b277,12/05/2020,1.999988969,1,c
9b48e012-afe4-4861-bdf1-c0c686f587e1,13/05/2020,1.999988959,1,a
43541759-87eb-44e9-8ae5-e5548e9a91e6,14/05/2020,1.999988949,1,b
3ee5455b-8c5a-42d6-9942-8d551d706e16,15/05/2020,1.999988939,1,c
41ea1a19-e908-4b19-b58e-fe8dcb89e21d,16/05/2020,1.999988929,1,a
0358f49c-8e9b-453b-815c-6429f8f89bfd,17/05/2020,1.999988919,1,b
76c3c3d0-100f-49ad-9e27-927502a369dc,18/05/2020,1.999988909,1,c
18933c9f-fced-46e1-81d5-a16baa8de5c6,19/05/2020,1.999988899,1,a
cceb2b6d-20f4-4d93-9cb2-f82508a8252c,20/05/2020,1.999988889,1,b
26280805-3f46-4d49-bd48-a2f73fa5cb73,21/05/2020,1.999988879,1,c
4d719f81-0629-4092-b030-add15b26a521,22/05/2020,1.999988869,1,a
86d6b2ca-74c3-4a25-b20d-47deca642ca7,23/05/2020,1.999988859,1,b
03be2b20-bde6-4884-b2ba-dd57b2f5c7b3,24/05/2020,1.999988849,1,c
dd60909f-98e4-4da2-abdb-6edd448c026d,25/05/2020,1.999988839,1,a
3dd14e95-13ce-403c-a165-1a0c73dbd31b,26/05/2020,1.999988829,1,b
478080b2-3ef8-40e4-b2d5-6465645567c1,27/05/2020,1.999988819,1,c
b02ed4e5-c171-4e11-8edd-c14c193b0a46,28/05/2020,1.999988809,1,a
4c00bcc0-6f73-4198-8756-4e5de68f3b27,29/05/2020,1.999988799,1,b
7b695595-c654-4e49-b541-61b4d3a0fa3e,30/05/2020,1.999988789,1,c
f322a037-2f67-4d7a-b70a-3f48e66f3c5d,31/05/2020,1.999988779,1,a
3d313be9-ab01-4fbc-855c-ef5cf330129d,01/06/2020,1.999988769,1,b
ade556bd-3c39-4667-b07a-977a06fbe836,02/06/2020,1.999988759,1,c
042c6224-c702-456c-bd32-c97e637a2260,03/06/2020,1.999988749,1,a
b0525243-24b5-4670-b2af-60e36e09bc87,04/06/2020,1.999988739,1,b
e17209f4-1c88-492a-a2f5-531381ead678,05/06/2020,1.999988729,1,c
a57fa0f9-14ca-4480-955e-a0b2421862db,06/06/2020,1.999988719,1,a
273f481f-0c9c-4602-8e55-a1001bbd6a35,07/06/2020,1.999988709,1,b
103d7371-2b62-40ae-829b-987bf8ce41f7,08/06/2020,1.999988699,1,c
d2b0e4b8-6893-48f3-9287-a77e401e16c6,09/06/2020,1.999988689,1,a
995f6da3-ba4a-4ba7-8fca-35dc0edbd62a,10/06/2020,1.999988679,1,b
709ff491-8267-45f6-b364-b4e1dc3abf50,11/06/2020,1.999988669,1,c
c3e4ebcc-f3a1-4db6-968e-0fa29ffa606a,12/06/2020,1.999988659,1,a
a4c9ddcb-af6d-42cd-a26e-dc2b5625c67e,13/06/2020,1.999988649,1,b
189d8b7e-5133-481d-b290-ee20dadc713a,14/06/2020,1.999988639,1,c
a90d1232-8ee1-4a9a-94a9-2ee8cbef1824,15/06/2020,1.999988629,1,a
076b1c51-2e6f-479b-b5d2-b751f6d6d5b3,16/06/2020,1.999988619,1,b
5cc3f664-70eb-4137-9e13-4005fed9335f,17/06/2020,1.999988609,1,c
491c1d4b-137a-4882-b7e6-018392c7fd84,18/06/2020,1.999988599,1,a
d07559d9-18ef-4e4a-8c54-3a3e2660a537,19/06/2020,1.999988589,1,b
dbf15859-ca47-4120-b196-8928011c42a7,20/06/2020,1.999988579,1,c
b725e35c-65a9-444f-bfd1-d66710eeb733,21/06/2020,1.999988569,1,a
b372648b-f268-4342-9453-a6c48cc22ac2,22/06/2020,1.999988559,1,b
0df54f69-1415-4de9-bf02-7e68a5a4e878,23/06/2020,1.999988549,1,c
36f840cb-ce38-4265-942c-3cf8acc14009,24/06/2020,1.999988539,1,a
538d3b20-3972-48be-a607-a67a947b6490,25/06/2020,1.999988529,1,b
20373b06-ea55-4bee-9e24-b3cb471ceda5,26/06/2020,1.999988519,1,c
66189abe-242a-4607-822b-eee7a12bd2b2,27/06/2020,1.999988509,1,a
afe8bdbc-bba4-4882-93d3-3a2fd439978a,28/06/2020,1.999988499,1,b
6800bbfe-6411-4511-98d0-24401c6b0a51,29/06/2020,1.999988489,1,c
3bedc4a6-f87a-4009-954e-95e4ff5dc3c4,30/06/2020,1.999988479,1,a
0fe9e054-3e24-4dbe-80b3-95bf6f339628,01/07/2020,1.999988469,1,b
4f501be2-6893-4f75-9506-b68d47fa6851,02/07/2020,1.999988459,1,c
79b7493f-99dd-4081-a785-ad3f89498fe4,03/07/2020,1.999988449,1,a
e387de44-1e5a-4f31-afa2-5ceded0af489,04/07/2020,1.999988439,1,b
a8b7fff8-97f7-49b8-a8f6-38de0b07496b,05/07/2020,1.999988429,1,c
88e0a3fc-071d-436a-9c59-a8913c1378fa,06/07/2020,1.999988419,1,a
3c8e9c28-37c1-43e2-9272-8e2933cd6c73,07/07/2020,1.999988409,1,b
8673b276-ea7c-4076-8f5d-f4275645ea9f,08/07/2020,1.999988399,1,c
8a5f800b-e2ed-48a1-a4cf-d606cd7dee6d,09/07/2020,1.999988389,1,a
caebd1ce-e32e-4731-8406-3effa8c9c3d1,10/07/2020,1.999988379,1,b
b72fb02c-c3c1-4651-8e7d-b2adab85c5af,11/07/2020,1.999988369,1,c
5e48aefb-1dd8-4dd6-b0fa-2d59e96f6cdb,12/07/2020,1.999988359,1,a
6e7ec375-be98-4b5b-965c-215c60bbdcdc,13/07/2020,1.999988349,1,b
0b0d9dc0-9d82-49a5-a724-497919779e59,14/07/2020,1.999988339,1,c
f7563780-0ff5-4d71-b728-42d79a1b83e9,15/07/2020,1.999988329,1,a
5fa8aecb-4698-4a5d-b2b9-059b537d906f,16/07/2020,1.999988319,1,b
d99f5eb9-d741-4bb6-ac25-638ff0b69012,17/07/2020,1.999988309,1,c
6a931b48-0a8d-4f84-ae6e-65cca04d850d,18/07/2020,1.999988299,1,a
6f411dd1-1e7d-494a-8bc1-bfbf23bd7317,19/07/2020,1.999988289,1,b
735423c0-b6e6-489f-b746-b321345d2489,20/07/2020,1.999988279,1,c
4f93c0c1-fea8-4d0e-b854-c5a5898e79d2,21/07/2020,1.999988269,1,a
978f9e74-d1ae-4222-9004-d25c310822db,22/07/2020,1.999988259,1,b
bfab899a-e0f3-4a94-93c6-6e95ed881563,23/07/2020,1.999988249,1,c
2e66b8a0-926a-4717-a87f-622d8eed3936,24/07/2020,1.999988239,1,a
fba058a6-e78a-461b-bf5d-b5047f33a227,25/07/2020,1.999988229,1,b
5ecf643a-19fa-4aa9-8f7d-174e9840b7bd,26/07/2020,1.999988219,1,c
deb2dfd3-a29c-4908-bb5e-33dc02aa121f,27/07/2020,1.999988209,1,a
f7190b95-7d82-4035-aa7a-a2b5cc618a2f,28/07/2020,1.999988199,1,b
2e3be848-097c-42d1-8f26-8cfea99899c1,29/07/2020,1.999988189,1,c
8d63f2f0-81b4-4e68-9261-bb2be2268848,30/07/2020,1.999988179,1,a
4f68a8c3-b54b-4da6-a18b-ce900d9e973d,31/07/2020,1.999988169,1,b
905e2781-bf4a-4663-83e7-da334c645bb1,01/08/2020,1.999988159,1,c
0070c6ee-1d11-4b2e-b34e-8a3db8baf8fc,02/08/2020,1.999988149,1,a
14622337-25c7-4f55-bd1c-fc9ba682b68b,03/08/2020,1.999988139,1,b
a5cd9608-4fb9-4c87-8d3c-d918f1420801,04/08/2020,1.999988129,1,c
8f4b91f1-3aef-4123-86ba-7c0b06434d83,05/08/2020,1.999988119,1,a
7a6150b6-73e4-4c81-b326-4f1a6a1dfa71,06/08/2020,1.999988109,1,b
e7537c1f-b34d-4eb6-a609-054e3d83dc3a,07/08/2020,1.999988099,1,c
b97f1196-809c-48f6-9aec-6c9b3a999863,08/08/2020,1.999988089,1,a
65fe0101-a790-477e-b91e-40caaf80653f,09/08/2020,1.999988079,1,b
80b3d23e-2991-4c35-aa9e-0b8b5a7b3cce,10/08/2020,1.999988069,1,c
c24f836c-8bcc-4324-a5de-16224adae24e,11/08/2020,1.999988059,1,a
9eddb422-0391-46c4-8a3a-86eebe231304,12/08/2020,1.999988049,1,b
d4423af1-e550-4392-8618-f35344172d03,13/08/2020,1.999988039,1,c
5bc71ec6-005b-463c-93ae-4fda75263b9a,14/08/2020,1.999988029,1,a
195d8365-1554-48f0-aa52-a61d628a05b9,15/08/2020,1.999988019,1,b
f90c570c-c493-4691-aee7-06d19c749307,16/08/2020,1.999988009,1,c
c772ab80-a87c-4f60-bdfa-9a48293226dc,17/08/2020,1.999987999,1,a
805de15d-09a7-4a52-945e-53234236dacf,18/08/2020,1.999987989,1,b
c709e930-cdb2-4815-9587-c8017e74939f,19/08/2020,1.999987979,1,c
0224602f-b8ad-4597-b107-2b15f936bbf4,20/08/2020,1.999987969,1,a
035d34d4-090b-4e74-ab30-f16a65dca2b1,21/08/2020,1.999987959,1,b
0b78639c-03ce-4186-bb50-4f075523b09c,22/08/2020,1.999987949,1,c
20a8cac8-6363-461e-96f4-eedfc7f73f53,23/08/2020,1.999987939,1,a
d3ca6751-c1d5-4f8c-9718-8030c82820d8,24/08/2020,1.999987929,1,b
87d6828f-05f9-46cf-9c4c-a41890fa3eee,25/08/2020,1.999987919,1,c
4ed957e6-d02a-44af-9bd2-63f69c614870,26/08/2020,1.999987909,1,a
4cef73c1-c1e9-4a40-affc-0f09290033d0,27/08/2020,1.999987899,1,b
e3cb8735-adda-4d42-a8a8-557677a6aa3e,28/08/2020,1.999987889,1,c
447b0d4b-88a0-48d6-b28c-4071afd4cf0e,29/08/2020,1.999987879,1,a
ff4f29a3-0ecd-4c78-9cd0-482297457d95,30/08/2020,1.999987869,1,b
dc3cb9d2-261d-4844-89b7-b6e708f458b9,31/08/2020,1.999987859,1,c
8f6b56bd-59e2-434e-9e95-57d49cb845b2,01/09/2020,1.999987849,1,a
275009da-6c22-4094-aa79-0681dc4fa437,02/09/2020,1.999987839,1,b
e28d1a96-58bb-452b-b4be-79e600e1365a,03/09/2020,1.999987829,1,c
2e6165ce-e540-4044-9ab9-9d267787dbb4,04/09/2020,1.999987819,1,a
3a47b324-cd64-4a7d-aad0-b74a54f3b0f0,05/09/2020,1.999987809,1,b
86a2cfe3-c398-494a-bc82-e8d8d9edc0cc,06/09/2020,1.999987799,1,c
e3bebae4-6cd3-46c3-ac24-14a0c1d4dfeb,07/09/2020,1.999987789,1,a
2718243e-bae0-4f1d-83c0-3604677cc2d8,08/09/2020,1.999987779,1,b
dea2cdfb-ab47-4bba-8e32-433cd8a0ac45,09/09/2020,1.999987769,1,c
d8ffb49a-40c3-4fdb-8dbc-6ea5e5737974,10/09/2020,1.999987759,1,a
b2916816-75ba-4cf5-b799-3a0d2d745b4b,11/09/2020,1.999987749,1,b
9e4621ef-f8f1-47e2-8c06-4a62d902b353,12/09/2020,1.999987739,1,c
b3eacc36-464e-4ef6-877b-dfe33f89b8f9,13/09/2020,1.999987729,1,a
38ce70e0-f847-4c1e-99d7-981499030b35,14/09/2020,1.999987719,1,b
1e2b9131-47f3-469b-858e-94e54ed9d0f8,15/09/2020,1.999987709,1,c
7689cbbf-0f16-4b55-a49a-fe028af870f7,16/09/2020,1.999987699,1,a
c567f7b7-0ab6-4434-ab15-18effbe0f52a,17/09/2020,1.999987689,1,b
11c4a2a1-5b95-4a2c-84fb-201b1e5f5ec6,18/09/2020,1.999987679,1,c
7895019a-8d49-4919-8762-35a09a5ab910,19/09/2020,1.999987669,1,a
05ae7593-d99f-4309-ab37-43331d83aaa3,20/09/2020,1.999987659,1,b
6a61c239-41a3-4315-b5d8-ad82e47bb8ec,21/09/2020,1.999987649,1,c
53faaffa-8a73-4be6-901c-b0fc9f4a0dc5,22/09/2020,1.999987639,1,a
8db05553-057e-47dc-8780-f634dbd0ae84,23/09/2020,1.999987629,1,b
ebd262cc-d97b-4844-8616-cf379dc77fc0,24/09/2020,1.999987619,1,c
96ecdbce-7fb8-4075-8b72-db5e79b1d492,25/09/2020,1.999987609,1,a
1ecbc97b-01f3-42c2-b48e-7c9ef7416d16,26/09/2020,1.999987599,1,b
ff463ac7-3a0c-4bed-9637-69a018262fe3,27/09/2020,1.999987589,1,c
13dfd823-7412-4bf3-99fb-84b03d98b81c,28/09/2020,1.999987579,1,a
1682ce5c-c848-4c4d-b079-e4ae466c2a54,29/09/2020,1.999987569,1,b
94340171-5297-4a05-b6c3-d46999fd5a44,30/09/2020,1.999987559,1,c
01eb8d56-8bbc-4057-a0d7-233102eeb9a2,01/10/2020,1.999987549,1,a
3eabc0a9-b583-4b08-9999-416ddf785b19,02/10/2020,1.999987539,1,b
c55f1797-842e-41b3-8c34-1a8dc7c695b1,03/10/2020,1.999987529,1,c
8f2921eb-f985-4140-8841-3a756efec102,04/10/2020,1.999987519,1,a
4431d3f9-cee4-486f-b3a6-3e737d194c82,05/10/2020,1.999987509,1,b
febb59c8-85dc-4d46-bf4f-25ec4a7784ba,06/10/2020,1.999987499,1,c
63680a7c-fbda-42ad-9c93-a5f4398f9e26,07/10/2020,1.999987489,1,a
4fac4e60-47e4-4bd2-8bc8-6e06ac60f5e3,08/10/2020,1.999987479,1,b
67eb2c59-a12b-4120-a58a-d49a15bf2acc,09/10/2020,1.999987469,1,c
5ee5bcca-accb-4394-89ff-8afb4a80a85b,10/10/2020,1.999987459,1,a
dfa336a9-c5a1-4116-82c3-17f8184f621b,11/10/2020,1.999987449,1,b
23818e4e-1b3a-4969-997a-740980c4679e,12/10/2020,1.999987439,1,c
f0a2738c-e2d6-47bf-8115-4bf970129daa,13/10/2020,1.999987429,1,a
6e907cf1-aac2-405c-9a67-b5f32056977a,14/10/2020,1.999987419,1,b
ef3b8d5d-eefc-40e4-be19-9dbe97f849be,15/10/2020,1.999987409,1,c
752ad70a-434b-494b-bb43-b9272915da39,16/10/2020,1.999987399,1,a
5753c7eb-750c-4506-b951-b1587aa3e755,17/10/2020,1.999987389,1,b
4d4ec00d-ceca-4e2e-87ae-e2fbaf00f176,18/10/2020,1.999987379,1,c
7d74e0b9-a948-42e6-b5af-09b2f9aa3477,19/10/2020,1.999987369,1,a
b756ce36-e688-4871-887e-1fb10a664d00,20/10/2020,1.999987359,1,b
468fa10a-30c7-49be-85d9-367e791ba82b,21/10/2020,1.999987349,1,c
1743f191-7d06-4163-8bb5-416eb05bf34d,22/10/2020,1.999987339,1,a
ef818256-f1a7-40ec-a352-06068a2a512b,23/10/2020,1.999987329,1,b
bcb1dba9-1ae1-41e0-9462-4104a0df746a,24/10/2020,1.999987319,1,c
858576fc-2971-421c-af89-fa708cfb9f13,25/10/2020,1.999987309,1,a
fbac2f52-b6ad-43e9-af04-24110b83d87e,26/10/2020,1.999987299,1,b
df7c30d0-7b3c-4e36-99d6-e1ecd7653273,27/10/2020,1.999987289,1,c
33017fe5-58d9-4ebb-bf4b-74f25f393363,28/10/2020,1.999987279,1,a
3acad025-052a-429d-9b52-36fe1d09cf27,29/10/2020,1.999987269,1,b
9a464e75-b843-4a64-bf16-04bf66df6521,30/10/2020,1.999987259,1,c
1777ee90-0d48-4726-b117-1ea57e7cd496,31/10/2020,1.999987249,1,a
b87b24c9-1364-4769-ae4a-6da6bba18f52,01/11/2020,1.999987239,1,b
3406cf96-17f6-428f-ae60-62ecb89e3a2a,02/11/2020,1.999987229,1,c
e86041a1-7746-42e9-9d62-e5dfc168617f,03/11/2020,1.999987219,1,a
61a46517-5d36-47fc-b83b-fe7ed342bf88,04/11/2020,1.999987209,1,b
15734642-deca-4e16-886a-7aa2de756a7b,05/11/2020,1.999987199,1,c
423689e2-48ae-443b-8135-f2b833858a99,06/11/2020,1.999987189,1,a
3999a47e-790a-4fdc-aba4-ebd2ee875cd8,07/11/2020,1.999987179,1,b
c9b01423-1d99-446d-9264-6bb77cdd49b1,08/11/2020,1.999987169,1,c
3ba88d32-8bcf-4613-a75b-1d21544dfae6,09/11/2020,1.999987159,1,a
7bd2d977-f88b-46ad-9d39-589e210a0f43,10/11/2020,1.999987149,1,b
f9951dcd-7988-4f02-9e2a-a007736e6d13,11/11/2020,1.999987139,1,c
cc687851-7a66-40c5-88be-b8c7cf89919c,12/11/2020,1.999987129,1,a
9ea62928-1ab8-4888-a812-ebe743760440,13/11/2020,1.999987119,1,b
c378deb0-de81-4ca2-b235-10535548a131,14/11/2020,1.999987109,1,c
bd41691f-c03b-49e9-99cf-1cbddab54575,15/11/2020,1.999987099,1,a
6a01c798-1838-4c74-8357-1b096fa0fb6c,16/11/2020,1.999987089,1,b
778ca88c-f4eb-45e3-b17f-eb2209d53a44,17/11/2020,1.999987079,1,c
6df9731a-ffd6-4815-870d-5a575ccb0b53,18/11/2020,1.999987069,1,a
7deee22f-725d-499b-98a6-d024efc5d14f,19/11/2020,1.999987059,1,b
7734893d-2571-4cb7-ba49-6a004cb9a254,20/11/2020,1.999987049,1,c
2927c46d-32f5-4594-8a93-d08f3c093ddd,21/11/2020,1.999987039,1,a
ed557d10-198a-475b-8aae-368fe0c646b7,22/11/2020,1.999987029,1,b
9309fa53-1eea-4111-9d07-23a435fb667f,23/11/2020,1.999987019,1,c
baab9146-e07d-4eaa-a763-9776e2135505,24/11/2020,1.999987009,1,a
e35fa613-90ee-4fa7-aea3-347f2c7ab97e,25/11/2020,1.999986999,1,b
7647d17e-4221-482a-900a-ee65d42b92da,26/11/2020,1.999986989,1,c
9b6838f9-bebd-443d-bd4d-e97f8928347b,27/11/2020,1.999986979,1,a
fc316372-ccac-4af1-9a10-70957ba58a6f,28/11/2020,1.999986969,1,b
c7a6053c-5e61-4124-a7df-892de0de3439,29/11/2020,1.999986959,1,c
55d3f9f1-2fe1-4f90-b97a-7fccb804f059,30/11/2020,1.999986949,1,a
76b2239b-225e-4e77-a483-f546c98aa253,01/12/2020,1.999986939,1,b
be26fb3e-f2e0-49d1-8704-80d10a42fd7d,02/12/2020,1.999986929,1,c
dcb0b343-cda5-4e10-80cb-546373fae67e,03/12/2020,1.999986919,1,a
dc704995-0721-4cf3-b4c1-9a0569b034e0,04/12/2020,1.999986909,1,b
f51e55a1-0994-41f8-a402-c902086c39b3,05/12/2020,1.999986899,1,c
16870158-ce56-4f67-bbcb-a4020917ca41,06/12/2020,1.999986889,1,a
03d2805c-8ada-4f49-86bb-f86eff7cb144,07/12/2020,1.999986879,1,b
1f1e5ddb-d0dc-4aa9-85ba-01feca40600f,08/12/2020,1.999986869,1,c
3b36b2e5-a630-45c8-a378-7eda5f32650a,09/12/2020,1.999986859,1,a
3258ce13-24ac-4455-b3d8-d60f423b9b09,10/12/2020,1.999986849,1,b
99320a6e-79ac-476a-b741-55a41ee32727,11/12/2020,1.999986839,1,c
eddb0e09-7f3b-4143-8df3-24d91d15d6cf,12/12/2020,1.999986829,1,a
b6e47db3-c158-4e4b-8e99-cbab8436d7af,13/12/2020,1.999986819,1,b
b63f2d62-d400-44ca-b8a1-be9450a88daa,14/12/2020,1.999986809,1,c
2c17a18d-2751-4cc2-ab5d-851069de16c9,15/12/2020,1.999986799,1,a
18a5abc9-77cb-4fc5-ae39-9caebd8e4b3f,16/12/2020,1.999986789,1,b
8c25c8d5-5915-48a9-ab3b-f24e7b054d4b,17/12/2020,1.999986779,1,c
7d65284e-a6cc-42a2-bb03-e7a087cf06f5,18/12/2020,1.999986769,1,a
b8249bb4-602c-4161-9d7a-f7294037a47b,19/12/2020,1.999986759,1,b
415374b9-a05d-481f-8be5-ddfabdeddd43,20/12/2020,1.999986749,1,c
082b7f27-eff2-4d55-b120-593025edc3de,21/12/2020,1.999986739,1,a
acb52b2b-b082-40d1-b872-bdb9f1242349,22/12/2020,1.999986729,1,b
19fcadc8-f9d0-4bfc-a5f3-2680b26c2b7c,23/12/2020,1.999986719,1,c
cbdf59be-657d-4728-935d-20f5dd4d3cbe,24/12/2020,1.999986709,1,a
06a32ae4-1f7a-4dc5-9975-f02ba807a8e5,25/12/2020,1.999986699,1,b
8ae6bd76-1d03-41b5-b241-8b10026a242b,26/12/2020,1.999986689,1,c
671441f2-d0b7-4bd5-b2d3-1ae8f2fdaa16,27/12/2020,1.999986679,1,a
49c80ebc-f247-4d25-8692-4830f6d5854d,28/12/2020,1.999986669,1,b
d3c4d4c3-cb7b-4f0c-89cf-91a23f347c4e,29/12/2020,1.999986659,1,c
0ec0de41-63bc-4b74-813a-8369ba404d8b,30/12/2020,1.999986649,1,a
6d9fc30e-c77b-46d8-b66a-d8eb8f210968,31/12/2020,1.999986639,1,b
d15de663-52dd-4a3d-96e5-0650dadcf74d,01/01/2021,1.999986629,1,c
b7462d7d-4559-45b3-a4e7-1c5c543cbda3,02/01/2021,1.999986619,1,a
f7141e2c-47e0-462d-a59c-2af8271a76f2,03/01/2021,1.999986609,1,b
96cfd32c-325e-4f56-b7ec-f9c14d4fa915,04/01/2021,1.999986599,1,c
7035ecd7-8010-4490-88de-ba74f8a68899,05/01/2021,1.999986589,1,a
03cca23e-b91c-47dc-bbcc-77cad63ebaba,06/01/2021,1.999986579,1,b
5cbb1e53-f808-45cf-8001-98a6b00d5283,07/01/2021,1.999986569,1,c
c9858744-a251-4583-8086-d56d2aeea7a3,08/01/2021,1.999986559,1,a
780a90ca-5d4c-4aad-99d4-5577331d21b3,09/01/2021,1.999986549,1,b
04ceb1aa-b8f2-4168-8fed-593c92eaeb5f,10/01/2021,1.999986539,1,c
1a7bb062-8d34-4df8-8a2f-e02cc4dd2bdb,11/01/2021,1.999986529,1,a
b7d935e2-d8fb-4855-a043-b723e512987c,12/01/2021,1.999986519,1,b
531fe3a0-a9d5-4615-8915-d9cffed7c9b5,13/01/2021,1.999986509,1,c
362278ed-db98-48bb-b050-818dadaf5e36,14/01/2021,1.999986499,1,a
f642b265-3db4-409b-961e-f3f4cb5afdaa,15/01/2021,1.999986489,1,b
d8605caa-1e5d-460c-99cc-25fda2fd40db,16/01/2021,1.999986479,1,c
dc043c89-f8c0-444e-97e7-f1d9d6c147c7,17/01/2021,1.999986469,1,a
d83aba9b-36ea-4362-8088-c4e63707a484,18/01/2021,1.999986459,1,b
ce55fc4a-8591-417d-a250-b7af6522e641,19/01/2021,1.999986449,1,c
68a59d7f-5b54-4be3-b466-7d8f3ccfd7b2,20/01/2021,1.999986439,1,a
f082568e-7373-4cc6-90ba-e4605bd1e555,21/01/2021,1.999986429,1,b
a0763965-c5d3-4998-bc46-e7c04ecd3973,22/01/2021,1.999986419,1,c
b751245b-ee02-44a1-88a0-c3cfae1f10b4,23/01/2021,1.999986409,1,a
d903f3a6-6f69-4757-876d-f26c827a1eda,24/01/2021,1.999986399,1,b
3ca99755-8cc6-4697-a51f-0915b62b6c5b,25/01/2021,1.999986389,1,c
3e2fd559-152d-46fd-974a-ac3f50ec1802,26/01/2021,1.999986379,1,a
1f777a57-cb91-4fc9-ac1e-efb0db8108ed,27/01/2021,1.999986369,1,b
7bec879b-1246-42a5-a4dd-64a205491a70,28/01/2021,1.999986359,1,c
82e2cb0a-631d-42db-a321-f362bd867b6c,29/01/2021,1.999986349,1,a
5ffb1739-238e-4713-9d91-c5c96403a29a,30/01/2021,1.999986339,1,b
7487c0f5-39fa-4a09-b7bb-dd31af9bf073,31/01/2021,1.999986329,1,c
ee9252c3-b32d-4c9f-8088-48229abaae3e,01/02/2021,1.999986319,1,a
d216bd07-d764-4275-b21c-955555c88e83,02/02/2021,1.999986309,1,b
35eca9c3-eafc-4939-8811-3a336824db3c,03/02/2021,1.999986299,1,c
0356c593-e18b-46ff-80b3-5d1bde795ba5,04/02/2021,1.999986289,1,a
bc2158d6-acea-4e6c-a317-d655efbf804f,05/02/2021,1.999986279,1,b
60cbd5b3-aa10-4c01-be97-e29533bb0fd8,06/02/2021,1.999986269,1,c
1f34f373-83a1-4a29-9cd5-23a81fee3f26,07/02/2021,1.999986259,1,a
d5b7694d-04fd-4d8d-bdae-995c95bb7698,08/02/2021,1.999986249,1,b
e502cc20-ad5c-4385-b885-9c898f68b90f,09/02/2021,1.999986239,1,c
8e33ee04-9102-4bdb-8d99-f40b5782f4d5,10/02/2021,1.999986229,1,a
fb7462ba-45ac-4e65-8910-88efefb9be37,11/02/2021,1.999986219,1,b
52c031e9-54a8-4268-a39a-a5558c8930a8,12/02/2021,1.999986209,1,c
ac0d3584-1ad1-4313-85b1-4141ad5fd025,13/02/2021,1.999986199,1,a
349f4ccd-a5a0-405e-b2da-f7528d514a75,14/02/2021,1.999986189,1,b
5facc727-18b4-40e7-95ab-be7d313af408,15/02/2021,1.999986179,1,c
6877d4c6-2758-41a3-9542-3d99cc5696f4,16/02/2021,1.999986169,1,a
30043f64-3228-464f-8cf1-aa5dbb197c28,17/02/2021,1.999986159,1,b
695d757c-7d58-4d19-a5d7-ed26a623c71a,18/02/2021,1.999986149,1,c
b3c48d02-a119-4081-9c2a-a426e8271601,19/02/2021,1.999986139,1,a
62b1ecfb-57d2-4dda-83c8-ee77fedc69fd,20/02/2021,1.999986129,1,b
65a29192-d46a-429c-8670-a5e1e0a2d55f,21/02/2021,1.999986119,1,c
865361b1-200c-4d62-beef-9100d66edca3,22/02/2021,1.999986109,1,a
d4833690-44be-4743-a10f-179c289261bd,23/02/2021,1.999986099,1,b
84ddafe5-1ba6-428e-8e44-ebafa25632b9,24/02/2021,1.999986089,1,c
a74f75df-e6e6-4e5c-826e-07f49383397d,25/02/2021,1.999986079,1,a
3e0de086-87c5-4ef8-8de4-2d6038ec7c1c,26/02/2021,1.999986069,1,b
3fa0da97-2699-4db5-95bf-edcf37ccdbe1,27/02/2021,1.999986059,1,c
b2c75b78-ec67-4506-82ca-65d17ed7a144,28/02/2021,1.999986049,1,a
7931f4a3-ef00-4639-a5db-b011072cb401,01/03/2021,1.999986039,1,b
d22fe863-3484-43c0-a7ed-96263cc5928a,02/03/2021,1.999986029,1,c
ed1dd3a8-34bc-42ba-b9b2-abe0a4f00a03,03/03/2021,1.999986019,1,a
0094801d-9337-41c9-b2f9-aa2bf624858a,04/03/2021,1.999986009,1,b
f83bac61-3ef5-4e24-bbf1-6d9edd230ac0,05/03/2021,1.999985999,1,c
3f408465-68c1-486c-b56e-c225921ad461,06/03/2021,1.999985989,1,a
60ba1e1c-6bef-4554-b791-320a70088cdd,07/03/2021,1.999985979,1,b
ab2ad0fd-6b19-4492-bc33-5840e7c4b686,08/03/2021,1.999985969,1,c
173af8ac-c12f-4090-9437-867cbde638f7,09/03/2021,1.999985959,1,a
ca4f8aa8-866c-453d-9278-4c88ce57841b,10/03/2021,1.999985949,1,b
19eefa38-0110-4a8b-82aa-e4dbd7c28f0c,11/03/2021,1.999985939,1,c
5f9728e7-f900-4017-bab2-73f1e438a29f,12/03/2021,1.999985929,1,a
5f345dcc-5e05-4ab6-9f96-294126402742,13/03/2021,1.999985919,1,b
4ee435dd-ee47-47e0-b797-7df0742afc3c,14/03/2021,1.999985909,1,c
4bfb7d7f-d007-4e45-8c3a-7717fca79157,15/03/2021,1.999985899,1,a
ddaa1091-9939-459c-aad9-73b6aebe5ddc,16/03/2021,1.999985889,1,b
7a10d779-99bb-4eed-8118-55eeedb4de6f,17/03/2021,1.999985879,1,c
0478b372-04f3-4fb6-a5d3-5b25b858a4a2,18/03/2021,1.999985869,1,a
ce21e62c-ce52-4be0-b577-4a64c90aa808,19/03/2021,1.999985859,1,b
5f2209bd-2135-4045-a899-34ca0064a118,20/03/2021,1.999985849,1,c
2b559b62-9c1b-4db4-ac30-87c764c3b290,21/03/2021,1.999985839,1,a
940e4c47-143a-4eef-914d-f7bdd117d5d0,22/03/2021,1.999985829,1,b
fc7b87be-9616-4f1b-a77d-dd0e55597561,23/03/2021,1.999985819,1,c
866bbd4b-3bf0-4bbe-9cd2-4e243ef3403c,24/03/2021,1.999985809,1,a
bef02bd6-ecce-4ac2-86e0-3d177e4e15f0,25/03/2021,1.999985799,1,b
49905b33-cc9d-480d-89fb-0e794c0658b6,26/03/2021,1.999985789,1,c
8a967462-e9e7-46ac-a678-542683654ef6,27/03/2021,1.999985779,1,a
673c5b7b-c936-45a7-9687-74728d6b0a39,28/03/2021,1.999985769,1,b
e6a98087-b2b2-4707-964d-8236613aa2ac,29/03/2021,1.999985759,1,c
e8ce26d9-946e-494b-b42f-27590134fce7,30/03/2021,1.999985749,1,a
0fa15dc6-4f63-4c48-af6c-b738b35dacf9,31/03/2021,1.999985739,1,b
7140b37e-7ea7-47f4-92f8-c14ce1f30087,01/04/2021,1.999985729,1,c
3fee16fa-1f9b-467f-bf22-9d8dbf9b8b03,02/04/2021,1.999985719,1,a
cd0f31c3-92b9-463b-97cf-3376ead97cc5,03/04/2021,1.999985709,1,b
8bcbe1f5-fb09-4644-b006-315de654cab1,04/04/2021,1.999985699,1,c
d1ff52db-044a-4a8f-8b0b-5812bee3ad0e,05/04/2021,1.999985689,1,a
d5951e5f-23fc-4b7d-bf42-4437897f58c3,06/04/2021,1.999985679,1,b
234014d3-557b-46f5-ac82-76608bfc5083,07/04/2021,1.999985669,1,c
dcdf7f3e-bf9f-4fdd-81e8-b2b6693048c4,08/04/2021,1.999985659,1,a
85e13afc-8d69-4d12-a578-bfff89a12dc6,09/04/2021,1.999985649,1,b
b00e872f-98a6-4653-80b6-36019a87bd1d,10/04/2021,1.999985639,1,c
3c5db035-462c-465d-8eea-be3b6a98d63f,11/04/2021,1.999985629,1,a
dc7654c6-52c9-4ef8-b567-47210783e41f,12/04/2021,1.999985619,1,b
ca6f90a7-e925-4efa-8f64-995b211a3577,13/04/2021,1.999985609,1,c
a0d5481d-cf97-451f-b459-113c932fa1f3,14/04/2021,1.999985599,1,a
2bd5a485-54cd-4af6-ae7a-4c02fab51dfc,15/04/2021,1.999985589,1,b
0aa08d86-d56b-4df7-b68d-e9cf3564d86b,16/04/2021,1.999985579,1,c
bf5739ff-f945-40e2-b1ca-2d3bbc3ed8b0,17/04/2021,1.999985569,1,a
cd58ecce-5d0b-4adb-99ea-8ed53c816ed6,18/04/2021,1.999985559,1,b
81a72257-4c0b-475d-beaf-db729e0abd13,19/04/2021,1.999985549,1,c
bad13990-89e4-443b-b7d0-1bb5ade938b5,20/04/2021,1.999985539,1,a
fb9db9e3-40ce-477c-b804-cef9677f8b06,21/04/2021,1.999985529,1,b
41c522ea-d459-421f-be32-3599dc4fd6e9,22/04/2021,1.999985519,1,c
afc008fb-e299-4d78-a998-fcc21ef403ac,23/04/2021,1.999985509,1,a
5ca206c5-852f-417f-bcc5-0d6300e2261a,24/04/2021,1.999985499,1,b
88dcd52a-cc04-4183-967e-235839a807bf,25/04/2021,1.999985489,1,c
adb5958b-95ba-48ee-90f8-8d4c372ac033,26/04/2021,1.999985479,1,a
d84ff14e-4a55-428a-8f17-e539081ada5f,27/04/2021,1.999985469,1,b
5421dd97-0aa3-44b0-9c15-fa516f920fc1,28/04/2021,1.999985459,1,c
febd0662-1952-4b3e-9ef3-ecd14fabfee6,29/04/2021,1.999985449,1,a
96cf4ae8-4e49-464c-aa98-05749e419eb9,30/04/2021,1.999985439,1,b
31fed152-5c91-4ca8-acdd-94426f8ac4ef,01/05/2021,1.999985429,1,c
9df88486-2d3b-45b2-ad6a-65a660054e1b,02/05/2021,1.999985419,1,a
8432d229-c081-4bec-8c28-0717c52d5808,03/05/2021,1.999985409,1,b
b9f1dfdf-26cf-4420-8f29-7f5d7078efe8,04/05/2021,1.999985399,1,c
047661bc-0cb0-48e4-87b7-52e41d5d3d35,05/05/2021,1.999985389,1,a
8312130f-668e-4abe-b07b-68678e02b857,06/05/2021,1.999985379,1,b
e23ea7ab-b812-4dc7-9497-e1ff0d9402bc,07/05/2021,1.999985369,1,c
eaa26f62-6bec-47ff-91c5-b9ce36ace850,08/05/2021,1.999985359,1,a
ffa21dac-cf6f-422f-b9f5-88265bb14058,09/05/2021,1.999985349,1,b
c4ec27c6-56fd-44a1-90d0-88dcf1399b04,10/05/2021,1.999985339,1,c
617a21de-173f-4aa6-b5bb-9d7369f3ba35,11/05/2021,1.999985329,1,a
74ded6fd-b427-4ebf-847c-60880456c6c5,12/05/2021,1.999985319,1,b
92473609-4e8f-4da8-b20b-2ed8310c7ffd,13/05/2021,1.999985309,1,c
51a17001-5bff-4fc6-a04d-9df89ca71d0f,14/05/2021,1.999985299,1,a
d989d5cf-f517-4101-91f3-52619a797275,15/05/2021,1.999985289,1,b
fae6756a-4733-4662-acd4-8a5005a015ed,16/05/2021,1.999985279,1,c
c31a4696-b54d-4e24-9729-c2b58a1b51d1,17/05/2021,1.999985269,1,a
e8447af0-6df1-4ac1-95f2-7e2eca69504a,18/05/2021,1.999985259,1,b
ac87e830-efc1-4540-9d88-a9c5dcf1909e,19/05/2021,1.999985249,1,c
c07b31ee-79d4-4404-9b2c-af04283512db,20/05/2021,1.999985239,1,a
e2360f51-e507-47fb-9be6-ae59be882f1b,21/05/2021,1.999985229,1,b
34e83b96-eae6-40c5-8f3a-5f9abef43341,22/05/2021,1.999985219,1,c
dfe95f03-62af-4662-a7e0-102573cabe7c,23/05/2021,1.999985209,1,a
297dd0d0-e298-4dd9-806f-babddbe28684,24/05/2021,1.999985199,1,b
4aa9eeba-da3b-4da8-a68f-b036b75685df,25/05/2021,1.999985189,1,c
42982dc3-245f-4f0e-a5dd-193e1fc639a6,26/05/2021,1.999985179,1,a
8249fb04-3da0-42c2-ad02-c156994b2728,27/05/2021,1.999985169,1,b
52c695af-7315-499b-bfd0-0343fc310d80,28/05/2021,1.999985159,1,c
efed853f-db4d-4605-a664-43175c383c46,29/05/2021,1.999985149,1,a
1f077500-fc0a-4f05-aa08-7a7fe54c14b9,30/05/2021,1.999985139,1,b
8833b505-3047-445e-9bdf-8eaa1d13dbf3,31/05/2021,1.999985129,1,c
3a349e97-53ff-4861-b1d5-9eb3754caedf,01/06/2021,1.999985119,1,a
d955c97d-01e4-4c13-9903-01b6fe2b7860,02/06/2021,1.999985109,1,b
123152d7-a557-4778-9a45-32f4f1cf5e19,03/06/2021,1.999985099,1,c
f88571bd-eff5-4482-9597-8f03d6e2116b,04/06/2021,1.999985089,1,a
7e47259a-f8b4-47ff-859d-3f796d799eee,05/06/2021,1.999985079,1,b
d94201d6-eaf1-4a5d-84af-5f3e190ba17d,06/06/2021,1.999985069,1,c
7a9da872-8949-41bf-a1b7-ef1cc1e342f9,07/06/2021,1.999985059,1,a
cfa7862c-66ae-42cd-88c1-423782f02df9,08/06/2021,1.999985049,1,b
67e14cda-8be7-48f7-862c-290d01c09fac,09/06/2021,1.999985039,1,c
b8be12aa-ef78-4209-bc57-234c5112fffc,10/06/2021,1.999985029,1,a
5af8f908-8680-48c6-9f8a-a7edc1b0ab78,11/06/2021,1.999985019,1,b
ea867a1d-f3aa-4900-9967-83c4bfba0d9b,12/06/2021,1.999985009,1,c
1757d177-f53f-486a-8ec2-03fc1ad0edfd,13/06/2021,1.999984999,1,a
aa402882-f448-418c-9e3c-a8c52192b26b,14/06/2021,1.999984989,1,b
b99c166b-b514-451e-9fe3-cde7fb8a04b7,15/06/2021,1.999984979,1,c
ed10f278-7de3-4f0f-81c9-988bbdefa2aa,16/06/2021,1.999984969,1,a
57d09171-3840-4b70-be16-69f4789d5568,17/06/2021,1.999984959,1,b
28d4e3f9-ce13-44b3-a655-170c477e349e,18/06/2021,1.999984949,1,c
466cd517-07d8-4d4e-b259-09f09d9839f4,19/06/2021,1.999984939,1,a
d0e45f5a-7e75-4ada-8c91-1bc4a21a5cb3,20/06/2021,1.999984929,1,b
be17338c-c2b3-43f7-9fe6-954e42471801,21/06/2021,1.999984919,1,c
7541a34c-baa6-4308-945b-487dc038f7e3,22/06/2021,1.999984909,1,a
a7465467-3e6d-4092-84b4-42a4a29ee151,23/06/2021,1.999984899,1,b
43ef7359-9443-4893-842f-0f54c84b3875,24/06/2021,1.999984889,1,c
1c31c2ba-2b79-4e1a-894b-6380c2bcb0e9,25/06/2021,1.999984879,1,a
f30df739-2702-41b5-862f-06b613f8a325,26/06/2021,1.999984869,1,b
7864e4ed-2b53-4588-b407-abe48f729fc1,27/06/2021,1.999984859,1,c
c93f46a8-a31d-43dc-9d9c-039d334c9928,28/06/2021,1.999984849,1,a
e9b9a510-c019-4ec2-9113-b64df5c4f6cb,29/06/2021,1.999984839,1,b
5d20568f-abd1-4118-876b-e1cd6cff8c62,30/06/2021,1.999984829,1,c
d7292dca-09c1-4e53-8c79-e13302dff0e6,01/07/2021,1.999984819,1,a
01bbef43-4b19-4232-9245-9a08681a7f89,02/07/2021,1.999984809,1,b
6c6ddf02-27ca-4875-8680-3ee7fbc23978,03/07/2021,1.999984799,1,c
e17c3c6c-a795-4cfa-9e0b-d3fe692f528c,04/07/2021,1.999984789,1,a
1b01ad00-8810-4650-bee3-47176a637dc7,05/07/2021,1.999984779,1,b
f6a96ee1-2d18-4f0c-98b4-25a8cae3ef3d,06/07/2021,1.999984769,1,c
affa43bd-7952-4825-8864-c64bc20ce15b,07/07/2021,1.999984759,1,a
e75759c2-e318-4534-8a88-e0eed7e2768e,08/07/2021,1.999984749,1,b
e1f4e4bf-73f2-48be-ae12-25a57bb58a92,09/07/2021,1.999984739,1,c
9fdcc32a-db85-413d-832f-8b0c21df7316,10/07/2021,1.999984729,1,a
6280c647-9514-49e2-a6db-b354212e3b53,11/07/2021,1.999984719,1,b
5f5b70fb-3779-4cb1-b701-11d2ba6c73cb,12/07/2021,1.999984709,1,c
95a0f86a-397b-449e-aef5-2b1174bc658a,13/07/2021,1.999984699,1,a
1c4e4c54-b995-426c-9917-dac7c1d7678e,14/07/2021,1.999984689,1,b
ddb9d791-8510-49f1-874f-d7df2d342496,15/07/2021,1.999984679,1,c
d486b2b3-117c-4685-99fa-68d2f5a8e53a,16/07/2021,1.999984669,1,a
f4bb47d6-7f20-4d8d-8331-baad5270d288,17/07/2021,1.999984659,1,b
bf3bee99-60c3-4fd6-b43b-4ae9a93b49af,18/07/2021,1.999984649,1,c
92b093ce-f409-4c3f-9443-995368c37c00,19/07/2021,1.999984639,1,a
19cdb01e-cad6-4742-89f2-8fd55a09c9fb,20/07/2021,1.999984629,1,b
5aecbc63-5c07-4e01-9cd2-1412ee2a539d,21/07/2021,1.999984619,1,c
ce33ad11-b943-46d1-8ccb-80d9c882545a,22/07/2021,1.999984609,1,a
01b1ae4c-116c-4fa8-a10f-9ae87f72739e,23/07/2021,1.999984599,1,b
045dc965-2cae-4c24-8322-7d387f41509c,24/07/2021,1.999984589,1,c
651c75f5-2272-45b8-a84d-de8bf966383c,25/07/2021,1.999984579,1,a
34e566eb-c8be-40ea-a633-d0e852d34777,26/07/2021,1.999984569,1,b
3d72fc07-386c-46d3-9dd6-8f0d43906990,27/07/2021,1.999984559,1,c
2493a884-b6a9-4c5b-8e6f-a58bd4bffcdc,28/07/2021,1.999984549,1,a
6e708129-d976-412d-ba93-04d37f739461,29/07/2021,1.999984539,1,b
c228be2f-4fb5-4b38-9922-767390aa204f,30/07/2021,1.999984529,1,c
37898c07-bf34-4bfc-b863-ed07afb16590,31/07/2021,1.999984519,1,a
15064267-8061-4d31-8667-3fd9dc257528,01/08/2021,1.999984509,1,b
0571e046-f8ae-4eef-af99-13c80163a8c0,02/08/2021,1.999984499,1,c
58e9dd5e-719e-4286-9b4a-bf00c8c32364,03/08/2021,1.999984489,1,a
f69cf10a-a0bd-456b-a853-422251dae092,04/08/2021,1.999984479,1,b
5b70cc2f-f50c-49ec-a7bc-fc1d6267aa84,05/08/2021,1.999984469,1,c
10dd28d3-ae20-4f16-be4b-967984d940ed,06/08/2021,1.999984459,1,a
7b0bb827-72ca-4c0d-80b0-84b89b3fd54e,07/08/2021,1.999984449,1,b
6dc9a6a3-0ffc-4f91-a366-8b7a5acf3d82,08/08/2021,1.999984439,1,c
72ca8fa8-26d8-4c15-953b-5d2668615f9d,09/08/2021,1.999984429,1,a
a89b1c29-eb7c-4bb6-b54a-a4daf56ba24b,10/08/2021,1.999984419,1,b
e76d317e-97f3-4d7e-a5b3-b169e04829c8,11/08/2021,1.999984409,1,c
83850355-b5e8-48ab-baf9-db5f3b3516da,12/08/2021,1.999984399,1,a
c0d4706d-e804-46aa-9c59-8de0fcf6eaac,13/08/2021,1.999984389,1,b
ec729c84-3736-418d-84a5-ebbf610d0315,14/08/2021,1.999984379,1,c
5d117590-3432-4c50-a3e2-f5db7590e4b9,15/08/2021,1.999984369,1,a
585a9cee-8e7b-406d-88ae-3ac829de7e58,16/08/2021,1.999984359,1,b
02923117-568d-4f8f-96bc-b28adf463187,17/08/2021,1.999984349,1,c
e78ef0a0-af7a-4cff-906c-1b03af91384a,18/08/2021,1.999984339,1,a
0a6e32f5-cdd4-4afa-8439-e4e622c35bfc,19/08/2021,1.999984329,1,b
85795533-aef5-440f-88d7-fe6531a8669a,20/08/2021,1.999984319,1,c
65041fe2-0202-4ded-a8ce-4a4986c88b29,21/08/2021,1.999984309,1,a
4ebfb1ec-6e51-4367-9732-6d4fc1e6ea36,22/08/2021,1.999984299,1,b
eac1fa0d-ca02-4782-a80c-2f442a221354,23/08/2021,1.999984289,1,c
145aa099-47a0-42b3-9de3-1781c3b47043,24/08/2021,1.999984279,1,a
011d5f44-1893-41eb-9490-23b68d38dc2b,25/08/2021,1.999984269,1,b
ccf6f160-a9c1-4ce3-8f10-9dd5bd863d1e,26/08/2021,1.999984259,1,c
a0771a00-0417-4096-9761-492e1bacb270,27/08/2021,1.999984249,1,a
3bc3f3ae-4c7e-41d8-928b-0f0122b2b6a6,28/08/2021,1.999984239,1,b
bee9a9ec-0964-4525-bbe0-b5a5964e16e0,29/08/2021,1.999984229,1,c
3dffb6a2-55cb-4714-93de-137f4cc146cb,30/08/2021,1.999984219,1,a
4c246cf1-6e28-4bb9-a521-7fc1060b25f2,31/08/2021,1.999984209,1,b
62fb1705-7076-4c5f-b27f-ae6169cc7440,01/09/2021,1.999984199,1,c
95557594-eea8-4333-a4ba-a89dc285531b,02/09/2021,1.999984189,1,a
a2dabe13-6bab-4344-9f9f-6a9353d69353,03/09/2021,1.999984179,1,b
065c112c-fe00-44ba-98a6-0ee265944852,04/09/2021,1.999984169,1,c
7ed2bdeb-bedf-4f56-b4b0-bbcc83b6104f,05/09/2021,1.999984159,1,a
2a8cdc98-0964-4aaa-b29f-6cdaef968bcb,06/09/2021,1.999984149,1,b
6182f597-2ef1-4565-871d-08e94781eb08,07/09/2021,1.999984139,1,c
98adca4b-32e6-4e08-8383-fd288808e288,08/09/2021,1.999984129,1,a
48dc0e94-52be-4eeb-846b-fd9911799e46,09/09/2021,1.999984119,1,b
493f0d10-91bc-43ed-8065-9fb0cf383b17,10/09/2021,1.999984109,1,c
820572bd-0184-41eb-b721-e297b87e3084,11/09/2021,1.999984099,1,a
eedfccf3-9a76-4aac-9813-6d7bb7d7e3b3,12/09/2021,1.999984089,1,b
2110bf3f-31e1-4488-b275-306c02efb44b,13/09/2021,1.999984079,1,c
a93f4f7b-7507-418b-9ea5-13b5b64f357e,14/09/2021,1.999984069,1,a
803a9aed-114e-4f2d-a4df-b019d29e7cda,15/09/2021,1.999984059,1,b
2bb38505-90cb-429d-8904-c0ec71a82203,16/09/2021,1.999984049,1,c
c047bd70-42d0-4bb6-ab56-59ff4a5d951e,17/09/2021,1.999984039,1,a
d9cb7a2b-39cc-492b-9112-4c243b8472c5,18/09/2021,1.999984029,1,b
fcffb2c6-5d55-4346-a8f4-60594c7c0ae4,19/09/2021,1.999984019,1,c
a8711288-de4e-443e-828b-7c5ec1cc0dcc,20/09/2021,1.999984009,1,a
b3a99bdc-dce4-42b3-983a-e2469605cab1,21/09/2021,1.999983999,1,b
e2824141-414c-41bc-9d92-7af8ecdf3338,22/09/2021,1.999983989,1,c
b094397c-b273-453d-a857-6f86ee7df86e,23/09/2021,1.999983979,1,a
f1390060-d745-4a09-9d55-fad92271e670,24/09/2021,1.999983969,1,b
0e54d577-700d-4fa1-9c2c-61db889fc19f,25/09/2021,1.999983959,1,c
142fdf1e-2ef9-4470-a50d-9cc6a6ba58e7,26/09/2021,1.999983949,1,a
